Code	Sex	N	Area2	Area1	i.dist	u.dist	a.dist	Duration	Intensity	Speaker	T	Name	Evaluator	Score	Task
A001	M	243	68	36	77	86	84	74	70.0	14	1	M14T1Dapre	A	10	Dapre
A002	M	232	77	42	99	95	71	72	69.8	18	0	M18T0Dapre	A	9	Dapre
A003	M	159	74	37	95	77	85	62	70.0	07	1	M07T1Dapre	A	9	Dapre
A004	M	173	69	35	89	80	80	68	70.0	06	0	M06T0Dapre	A	9	Dapre
A005	M	186	60	32	88	72	73	62	70.0	24	2	M24T2Dapre	A	9	Dapre
A006	M	188	80	41	96	86	87	56	70.0	07	0	M07T0Dapre	A	10	Dapre
A007	M	214	66	34	87	89	68	83	70.0	17	0	M17T0Dapre	A	8	Dapre
A008	F	180	100	53	118	87	97	55	70.0	10	0	F10T0Dapre	A	9	Dapre
A009	F	219	92	48	123	76	92	62	70.0	09	2	F09T2Dapre	A	9	Dapre
A010	F	235	62	33	107	55	79	65	70.0	08	1	F08T1Dapre	A	8	Dapre
A011	F	204	72	40	102	56	102	57	69.7	11	1	F11T1Dapre	A	8	Dapre
A012	F	128	87	46	117	62	105	51	70.0	21	2	F21T2Dapre	A	7	Dapre
A013	M	176	96	52	101	88	105	67	70.0	28	2	M28T2Dapre	A	8	Dapre
A014	M	145	74	41	110	49	107	69	70.0	28	1	M28T1Dapre	A	6	Dapre
A015	M	177	61	32	88	79	68	60	70.0	24	1	M24T1Dapre	A	8	Dapre
A016	F	186	93	51	112	86	92	56	69.6	13	0	F13T0Dapre	A	9	Dapre
A017	F	197	94	50	105	103	84	59	70.0	11	0	F11T0Dapre	A	10	Dapre
A018	F	228	104	55	121	78	110	80	70.0	21	0	F21T0Dapre	A	8	Dapre
A019	M	212	50	26	82	73	58	85	70.0	16	0	M16T0Dapre	A	8	Dapre
A020	M	156	118	62	107	103	115	58	70.0	30	1	M30T1Dapre	A	9	Dapre
A021	M	197	82	41	86	98	88	62	70.0	27	0	M27T0Dapre	A	8	Dapre
A022	F	232	90	49	116	71	101	79	70.0	19	2	F19T2Dapre	A	9	Dapre
A023	F	169	91	47	127	75	88	55	70.0	10	1	F10T1Dapre	A	8	Dapre
A024	F	186	92	48	116	108	66	69	70.0	03	1	F03T1Dapre	A	7	Dapre
A025	F	215	68	37	103	51	98	59	70.0	11	2	F11T2Dapre	A	7	Dapre
A026	F	197	84	44	113	76	88	59	70.0	22	2	F22T2Dapre	A	8	Dapre
A027	M	170	74	39	99	91	69	59	70.0	30	0	M30T0Dapre	A	8	Dapre
A028	F	228	98	54	119	92	88	84	70.0	19	1	F19T1Dapre	A	10	Dapre
A029	M	180	42	24	62	54	80	63	70.0	12	1	M12T1Dapre	A	5	Dapre
A030	M	236	59	31	76	78	76	91	70.0	17	1	M17T1Dapre	A	7	Dapre
A031	M	242	72	38	102	60	95	74	70.0	18	2	M18T2Dapre	A	7	Dapre
A032	M	230	48	25	81	49	79	74	70.0	20	0	M20T0Dapre	A	7	Dapre
A033	F	212	102	54	131	87	89	65	70.0	09	1	F09T1Dapre	A	8	Dapre
A034	M	180	96	51	97	95	102	56	70.0	30	2	M30T2Dapre	A	8	Dapre
A035	F	117	83	44	103	64	109	45	70.0	01	2	F01T2Dapre	A	4	Dapre
A036	M	163	104	54	105	85	117	64	70.0	23	1	M23T1Dapre	A	8	Dapre
A037	F	220	96	51	116	94	85	87	70.0	04	2	F04T2Dapre	A	8	Dapre
A038	M	164	114	59	110	99	112	60	70.0	23	2	M23T2Dapre	A	6	Dapre
A039	M	182	94	49	96	113	84	59	70.0	26	2	M26T2Dapre	A	7	Dapre
A040	F	124	78	41	104	66	98	30	70.0	02	2	F02T2Dapre	A	6	Dapre
A041	F	192	77	40	94	65	105	55	70.0	25	1	F25T1Dapre	A	5	Dapre
A042	M	218	39	22	64	48	78	66	70.0	12	2	M12T2Dapre	A	4	Dapre
A043	F	210	90	48	100	97	89	63	70.0	22	0	F22T0Dapre	A	8	Dapre
A044	M	163	59	31	81	92	60	54	70.0	26	0	M26T0Dapre	A	7	Dapre
A045	M	246	62	32	83	82	71	83	70.0	14	0	M14T0Dapre	A	8	Dapre
A046	M	168	79	42	86	65	120	70	70.0	05	2	M05T2Dapre	A	4	Dapre
A047	M	160	77	39	95	85	82	65	70.0	06	1	M06T1Dapre	A	7	Dapre
A048	F	181	77	41	108	64	93	57	70.0	13	1	F13T1Dapre	A	7	Dapre
A049	F	213	90	48	119	84	84	68	70.0	04	0	F04T0Dapre	A	7	Dapre
A050	M	213	70	36	91	77	84	73	70.0	05	0	M05T0Dapre	A	7	Dapre
A051	M	174	125	67	113	126	97	67	70.0	06	2	M06T2Dapre	A	8	Dapre
A052	F	228	90	47	119	71	97	64	70.0	29	1	F29T1Dapre	A	7	Dapre
A053	M	207	67	36	86	77	82	67	70.0	14	2	M14T2Dapre	A	8	Dapre
A054	F	208	104	55	110	105	92	58	70.0	02	0	F02T0Dapre	A	8	Dapre
A055	M	176	64	32	89	83	68	56	70.0	23	0	M23T0Dapre	A	7	Dapre
A056	F	253	86	46	118	73	91	71	70.0	19	0	F19T0Dapre	A	8	Dapre
A057	M	124	105	54	95	112	100	43	70.0	17	2	M17T2Dapre	A	6	Dapre
A058	M	202	58	31	68	94	68	58	70.0	12	0	M12T0Dapre	A	6	Dapre
A059	M	186	102	54	102	87	116	74	70.0	05	1	M05T1Dapre	A	5	Dapre
A060	M	227	86	45	104	70	105	77	70.0	18	1	M18T1Dapre	A	7	Dapre
A061	F	216	100	55	111	93	96	60	70.0	25	0	F25T0Dapre	A	9	Dapre
A062	M	162	53	29	69	86	64	54	69.9	26	1	M26T1Dapre	A	7	Dapre
A063	M	133	75	40	98	73	89	70	70.0	15	2	M15T2Dapre	A	7	Dapre
A064	F	155	98	51	131	81	89	55	70.0	10	2	F10T2Dapre	A	8	Dapre
A065	M	186	61	32	90	78	67	59	70.0	24	0	M24T0Dapre	A	8	Dapre
A066	M	200	71	37	88	84	81	60	70.0	27	1	M27T1Dapre	A	8	Dapre
A067	F	207	82	44	97	58	123	80	70.0	01	1	F01T1Dapre	A	5	Dapre
A068	F	230	101	54	123	89	91	60	70.0	29	0	F29T0Dapre	A	7	Dapre
A069	M	169	47	25	87	45	77	77	70.0	16	2	M16T2Dapre	A	5	Dapre
A070	F	217	84	44	118	62	99	63	70.0	29	2	F29T2Dapre	A	6	Dapre
A071	F	210	106	56	128	90	93	65	70.0	09	0	F09T0Dapre	A	8	Dapre
A072	M	156	110	60	109	95	112	60	69.9	07	2	M07T2Dapre	A	7	Dapre
A073	M	249	46	24	76	58	69	83	70.0	20	1	M20T1Dapre	A	7	Dapre
A074	M	184	83	43	89	87	98	78	70.0	16	1	M16T1Dapre	A	7	Dapre
A075	F	236	90	49	114	93	80	70	70.0	08	0	F08T0Dapre	A	8	Dapre
A076	F	199	168	91	124	148	118	63	69.9	03	2	F03T2Dapre	A	8	Dapre
A077	F	216	93	49	110	98	82	65	70.0	03	0	F03T0Dapre	A	8	Dapre
A078	M	236	53	28	78	53	89	89	70.0	20	2	M20T2Dapre	A	5	Dapre
A079	M	173	48	25	76	62	69	67	70.0	28	0	M28T0Dapre	A	6	Dapre
A080	F	108	138	78	109	141	104	32	69.9	08	2	F08T2Dapre	A	6	Dapre
A081	M	115	86	46	108	70	102	69	70.0	15	1	M15T1Dapre	A	7	Dapre
A082	F	114	77	39	96	60	111	28	70.0	25	2	F25T2Dapre	A	6	Dapre
A083	M	188	69	37	87	87	74	59	62.9	27	2	M27T2Dapre	A	7	Dapre
A084	F	177	135	72	118	129	102	55	70.0	13	2	F13T2Dapre	A	8	Dapre
A085	F	191	78	42	106	101	62	80	70.0	01	0	F01T0Dapre	A	8	Dapre
A086	M	155	77	40	96	82	86	67	70.0	15	0	M15T0Dapre	A	7	Dapre
B001	M	180	96	51	97	95	102	56	70.0	30	2	M30T2Dapre	B	7	Dapre
B002	F	208	104	55	110	105	92	58	70.0	02	0	F02T0Dapre	B	10	Dapre
B003	F	228	98	54	119	92	88	84	70.0	19	1	F19T1Dapre	B	9	Dapre
B004	F	192	77	40	94	65	105	55	70.0	25	1	F25T1Dapre	B	5	Dapre
B005	M	115	86	46	108	70	102	69	70.0	15	1	M15T1Dapre	B	6	Dapre
B006	F	169	91	47	127	75	88	55	70.0	10	1	F10T1Dapre	B	8	Dapre
B007	F	117	83	44	103	64	109	45	70.0	01	2	F01T2Dapre	B	3	Dapre
B008	F	212	102	54	131	87	89	65	70.0	09	1	F09T1Dapre	B	7	Dapre
B009	M	159	74	37	95	77	85	62	70.0	07	1	M07T1Dapre	B	4	Dapre
B010	M	227	86	45	104	70	105	77	70.0	18	1	M18T1Dapre	B	5	Dapre
B011	F	197	94	50	105	103	84	59	70.0	11	0	F11T0Dapre	B	7	Dapre
B012	M	156	110	60	109	95	112	60	69.9	07	2	M07T2Dapre	B	5	Dapre
B013	M	214	66	34	87	89	68	83	70.0	17	0	M17T0Dapre	B	3	Dapre
B014	F	177	135	72	118	129	102	55	70.0	13	2	F13T2Dapre	B	6	Dapre
B015	F	228	104	55	121	78	110	80	70.0	21	0	F21T0Dapre	B	3	Dapre
B016	M	197	82	41	86	98	88	62	70.0	27	0	M27T0Dapre	B	3	Dapre
B017	F	199	168	91	124	148	118	63	69.9	03	2	F03T2Dapre	B	6	Dapre
B018	M	200	71	37	88	84	81	60	70.0	27	1	M27T1Dapre	B	5	Dapre
B019	M	207	67	36	86	77	82	67	70.0	14	2	M14T2Dapre	B	7	Dapre
B020	F	236	90	49	114	93	80	70	70.0	08	0	F08T0Dapre	B	9	Dapre
B021	F	155	98	51	131	81	89	55	70.0	10	2	F10T2Dapre	B	6	Dapre
B022	F	124	78	41	104	66	98	30	70.0	02	2	F02T2Dapre	B	2	Dapre
B023	M	133	75	40	98	73	89	70	70.0	15	2	M15T2Dapre	B	8	Dapre
B024	M	186	61	32	90	78	67	59	70.0	24	0	M24T0Dapre	B	7	Dapre
B025	M	186	102	54	102	87	116	74	70.0	05	1	M05T1Dapre	B	3	Dapre
B026	F	219	92	48	123	76	92	62	70.0	09	2	F09T2Dapre	B	8	Dapre
B027	F	180	100	53	118	87	97	55	70.0	10	0	F10T0Dapre	B	5	Dapre
B028	M	186	60	32	88	72	73	62	70.0	24	2	M24T2Dapre	B	4	Dapre
B029	M	184	83	43	89	87	98	78	70.0	16	1	M16T1Dapre	B	7	Dapre
B030	F	253	86	46	118	73	91	71	70.0	19	0	F19T0Dapre	B	7	Dapre
B031	F	197	84	44	113	76	88	59	70.0	22	2	F22T2Dapre	B	5	Dapre
B032	M	249	46	24	76	58	69	83	70.0	20	1	M20T1Dapre	B	4	Dapre
B033	M	173	69	35	89	80	80	68	70.0	06	0	M06T0Dapre	B	4	Dapre
B034	F	216	100	55	111	93	96	60	70.0	25	0	F25T0Dapre	B	8	Dapre
B035	M	242	72	38	102	60	95	74	70.0	18	2	M18T2Dapre	B	3	Dapre
B036	M	202	58	31	68	94	68	58	70.0	12	0	M12T0Dapre	B	6	Dapre
B037	M	160	77	39	95	85	82	65	70.0	06	1	M06T1Dapre	B	7	Dapre
B038	M	163	104	54	105	85	117	64	70.0	23	1	M23T1Dapre	B	7	Dapre
B039	M	213	70	36	91	77	84	73	70.0	05	0	M05T0Dapre	B	6	Dapre
B040	M	230	48	25	81	49	79	74	70.0	20	0	M20T0Dapre	B	4	Dapre
B041	M	162	53	29	69	86	64	54	69.9	26	1	M26T1Dapre	B	5	Dapre
B042	F	108	138	78	109	141	104	32	69.9	08	2	F08T2Dapre	B	2	Dapre
B043	F	207	82	44	97	58	123	80	70.0	01	1	F01T1Dapre	B	2	Dapre
B044	M	176	64	32	89	83	68	56	70.0	23	0	M23T0Dapre	B	4	Dapre
B045	F	186	92	48	116	108	66	69	70.0	03	1	F03T1Dapre	B	4	Dapre
B046	F	230	101	54	123	89	91	60	70.0	29	0	F29T0Dapre	B	5	Dapre
B047	M	169	47	25	87	45	77	77	70.0	16	2	M16T2Dapre	B	4	Dapre
B048	F	216	93	49	110	98	82	65	70.0	03	0	F03T0Dapre	B	9	Dapre
B049	M	163	59	31	81	92	60	54	70.0	26	0	M26T0Dapre	B	3	Dapre
B050	F	186	93	51	112	86	92	56	69.6	13	0	F13T0Dapre	B	6	Dapre
B051	M	188	69	37	87	87	74	59	62.9	27	2	M27T2Dapre	B	4	Dapre
B052	F	232	90	49	116	71	101	79	70.0	19	2	F19T2Dapre	B	5	Dapre
B053	M	246	62	32	83	82	71	83	70.0	14	0	M14T0Dapre	B	7	Dapre
B054	M	177	61	32	88	79	68	60	70.0	24	1	M24T1Dapre	B	7	Dapre
B055	M	173	48	25	76	62	69	67	70.0	28	0	M28T0Dapre	B	3	Dapre
B056	M	145	74	41	110	49	107	69	70.0	28	1	M28T1Dapre	B	1	Dapre
B057	M	124	105	54	95	112	100	43	70.0	17	2	M17T2Dapre	B	6	Dapre
B058	M	174	125	67	113	126	97	67	70.0	06	2	M06T2Dapre	B	7	Dapre
B059	F	217	84	44	118	62	99	63	70.0	29	2	F29T2Dapre	B	5	Dapre
B060	M	188	80	41	96	86	87	56	70.0	07	0	M07T0Dapre	B	7	Dapre
B061	F	204	72	40	102	56	102	57	69.7	11	1	F11T1Dapre	B	4	Dapre
B062	M	212	50	26	82	73	58	85	70.0	16	0	M16T0Dapre	B	5	Dapre
B063	M	232	77	42	99	95	71	72	69.8	18	0	M18T0Dapre	B	7	Dapre
B064	F	235	62	33	107	55	79	65	70.0	08	1	F08T1Dapre	B	4	Dapre
B065	M	170	74	39	99	91	69	59	70.0	30	0	M30T0Dapre	B	7	Dapre
B066	M	236	59	31	76	78	76	91	70.0	17	1	M17T1Dapre	B	5	Dapre
B067	M	155	77	40	96	82	86	67	70.0	15	0	M15T0Dapre	B	3	Dapre
B068	M	218	39	22	64	48	78	66	70.0	12	2	M12T2Dapre	B	1	Dapre
B069	M	168	79	42	86	65	120	70	70.0	05	2	M05T2Dapre	B	1	Dapre
B070	F	213	90	48	119	84	84	68	70.0	04	0	F04T0Dapre	B	7	Dapre
B071	F	220	96	51	116	94	85	87	70.0	04	2	F04T2Dapre	B	6	Dapre
B072	M	164	114	59	110	99	112	60	70.0	23	2	M23T2Dapre	B	6	Dapre
B073	M	156	118	62	107	103	115	58	70.0	30	1	M30T1Dapre	B	8	Dapre
B074	F	210	90	48	100	97	89	63	70.0	22	0	F22T0Dapre	B	8	Dapre
B075	F	228	90	47	119	71	97	64	70.0	29	1	F29T1Dapre	B	6	Dapre
B076	F	215	68	37	103	51	98	59	70.0	11	2	F11T2Dapre	B	6	Dapre
B077	F	128	87	46	117	62	105	51	70.0	21	2	F21T2Dapre	B	2	Dapre
B078	M	182	94	49	96	113	84	59	70.0	26	2	M26T2Dapre	B	6	Dapre
B079	F	181	77	41	108	64	93	57	70.0	13	1	F13T1Dapre	B	3	Dapre
B080	M	236	53	28	78	53	89	89	70.0	20	2	M20T2Dapre	B	2	Dapre
B081	F	191	78	42	106	101	62	80	70.0	01	0	F01T0Dapre	B	7	Dapre
B082	M	176	96	52	101	88	105	67	70.0	28	2	M28T2Dapre	B	4	Dapre
B083	F	114	77	39	96	60	111	28	70.0	25	2	F25T2Dapre	B	2	Dapre
B084	M	180	42	24	62	54	80	63	70.0	12	1	M12T1Dapre	B	2	Dapre
B085	F	210	106	56	128	90	93	65	70.0	09	0	F09T0Dapre	B	6	Dapre
B086	M	243	68	36	77	86	84	74	70.0	14	1	M14T1Dapre	B	7	Dapre
C001	F	219	92	48	123	76	92	62	70.0	09	2	F09T2Dapre	C	9	Dapre
C002	M	156	110	60	109	95	112	60	69.9	07	2	M07T2Dapre	C	8	Dapre
C003	F	186	92	48	116	108	66	69	70.0	03	1	F03T1Dapre	C	6	Dapre
C004	M	186	102	54	102	87	116	74	70.0	05	1	M05T1Dapre	C	5	Dapre
C005	F	197	84	44	113	76	88	59	70.0	22	2	F22T2Dapre	C	6	Dapre
C006	M	197	82	41	86	98	88	62	70.0	27	0	M27T0Dapre	C	6	Dapre
C007	M	145	74	41	110	49	107	69	70.0	28	1	M28T1Dapre	C	6	Dapre
C008	M	242	72	38	102	60	95	74	70.0	18	2	M18T2Dapre	C	7	Dapre
C009	F	216	93	49	110	98	82	65	70.0	03	0	F03T0Dapre	C	8	Dapre
C010	M	188	80	41	96	86	87	56	70.0	07	0	M07T0Dapre	C	8	Dapre
C011	F	155	98	51	131	81	89	55	70.0	10	2	F10T2Dapre	C	5	Dapre
C012	M	213	70	36	91	77	84	73	70.0	05	0	M05T0Dapre	C	7	Dapre
C013	F	204	72	40	102	56	102	57	69.7	11	1	F11T1Dapre	C	10	Dapre
C014	F	117	83	44	103	64	109	45	70.0	01	2	F01T2Dapre	C	8	Dapre
C015	M	232	77	42	99	95	71	72	69.8	18	0	M18T0Dapre	C	9	Dapre
C016	F	220	96	51	116	94	85	87	70.0	04	2	F04T2Dapre	C	10	Dapre
C017	M	236	59	31	76	78	76	91	70.0	17	1	M17T1Dapre	C	8	Dapre
C018	M	207	67	36	86	77	82	67	70.0	14	2	M14T2Dapre	C	9	Dapre
C019	F	230	101	54	123	89	91	60	70.0	29	0	F29T0Dapre	C	9	Dapre
C020	M	243	68	36	77	86	84	74	70.0	14	1	M14T1Dapre	C	8	Dapre
C021	F	192	77	40	94	65	105	55	70.0	25	1	F25T1Dapre	C	6	Dapre
C022	F	177	135	72	118	129	102	55	70.0	13	2	F13T2Dapre	C	8	Dapre
C023	M	180	96	51	97	95	102	56	70.0	30	2	M30T2Dapre	C	10	Dapre
C024	F	235	62	33	107	55	79	65	70.0	08	1	F08T1Dapre	C	6	Dapre
C025	M	188	69	37	87	87	74	59	62.9	27	2	M27T2Dapre	C	8	Dapre
C026	M	163	104	54	105	85	117	64	70.0	23	1	M23T1Dapre	C	10	Dapre
C027	F	208	104	55	110	105	92	58	70.0	02	0	F02T0Dapre	C	10	Dapre
C028	M	115	86	46	108	70	102	69	70.0	15	1	M15T1Dapre	C	9	Dapre
C029	M	230	48	25	81	49	79	74	70.0	20	0	M20T0Dapre	C	7	Dapre
C030	M	162	53	29	69	86	64	54	69.9	26	1	M26T1Dapre	C	7	Dapre
C031	M	202	58	31	68	94	68	58	70.0	12	0	M12T0Dapre	C	7	Dapre
C032	M	246	62	32	83	82	71	83	70.0	14	0	M14T0Dapre	C	7	Dapre
C033	M	163	59	31	81	92	60	54	70.0	26	0	M26T0Dapre	C	6	Dapre
C034	M	176	96	52	101	88	105	67	70.0	28	2	M28T2Dapre	C	9	Dapre
C035	F	215	68	37	103	51	98	59	70.0	11	2	F11T2Dapre	C	7	Dapre
C036	M	218	39	22	64	48	78	66	70.0	12	2	M12T2Dapre	C	4	Dapre
C037	M	156	118	62	107	103	115	58	70.0	30	1	M30T1Dapre	C	9	Dapre
C038	M	159	74	37	95	77	85	62	70.0	07	1	M07T1Dapre	C	9	Dapre
C039	M	133	75	40	98	73	89	70	70.0	15	2	M15T2Dapre	C	9	Dapre
C040	M	186	61	32	90	78	67	59	70.0	24	0	M24T0Dapre	C	7	Dapre
C041	M	170	74	39	99	91	69	59	70.0	30	0	M30T0Dapre	C	8	Dapre
C042	F	210	106	56	128	90	93	65	70.0	09	0	F09T0Dapre	C	10	Dapre
C043	M	176	64	32	89	83	68	56	70.0	23	0	M23T0Dapre	C	6	Dapre
C044	F	216	100	55	111	93	96	60	70.0	25	0	F25T0Dapre	C	10	Dapre
C045	M	236	53	28	78	53	89	89	70.0	20	2	M20T2Dapre	C	3	Dapre
C046	M	177	61	32	88	79	68	60	70.0	24	1	M24T1Dapre	C	6	Dapre
C047	F	199	168	91	124	148	118	63	69.9	03	2	F03T2Dapre	C	8	Dapre
C048	M	200	71	37	88	84	81	60	70.0	27	1	M27T1Dapre	C	8	Dapre
C049	F	207	82	44	97	58	123	80	70.0	01	1	F01T1Dapre	C	5	Dapre
C050	M	173	48	25	76	62	69	67	70.0	28	0	M28T0Dapre	C	5	Dapre
C051	F	228	90	47	119	71	97	64	70.0	29	1	F29T1Dapre	C	7	Dapre
C052	F	128	87	46	117	62	105	51	70.0	21	2	F21T2Dapre	C	9	Dapre
C053	F	213	90	48	119	84	84	68	70.0	04	0	F04T0Dapre	C	9	Dapre
C054	M	168	79	42	86	65	120	70	70.0	05	2	M05T2Dapre	C	3	Dapre
C055	M	212	50	26	82	73	58	85	70.0	16	0	M16T0Dapre	C	5	Dapre
C056	F	181	77	41	108	64	93	57	70.0	13	1	F13T1Dapre	C	6	Dapre
C057	F	232	90	49	116	71	101	79	70.0	19	2	F19T2Dapre	C	10	Dapre
C058	F	228	98	54	119	92	88	84	70.0	19	1	F19T1Dapre	C	10	Dapre
C059	M	180	42	24	62	54	80	63	70.0	12	1	M12T1Dapre	C	9	Dapre
C060	M	227	86	45	104	70	105	77	70.0	18	1	M18T1Dapre	C	7	Dapre
C061	M	169	47	25	87	45	77	77	70.0	16	2	M16T2Dapre	C	5	Dapre
C062	F	108	138	78	109	141	104	32	69.9	08	2	F08T2Dapre	C	7	Dapre
C063	F	217	84	44	118	62	99	63	70.0	29	2	F29T2Dapre	C	8	Dapre
C064	F	228	104	55	121	78	110	80	70.0	21	0	F21T0Dapre	C	8	Dapre
C065	M	160	77	39	95	85	82	65	70.0	06	1	M06T1Dapre	C	7	Dapre
C066	M	184	83	43	89	87	98	78	70.0	16	1	M16T1Dapre	C	10	Dapre
C067	F	124	78	41	104	66	98	30	70.0	02	2	F02T2Dapre	C	6	Dapre
C068	F	236	90	49	114	93	80	70	70.0	08	0	F08T0Dapre	C	8	Dapre
C069	F	191	78	42	106	101	62	80	70.0	01	0	F01T0Dapre	C	6	Dapre
C070	M	214	66	34	87	89	68	83	70.0	17	0	M17T0Dapre	C	6	Dapre
C071	F	210	90	48	100	97	89	63	70.0	22	0	F22T0Dapre	C	7	Dapre
C072	M	182	94	49	96	113	84	59	70.0	26	2	M26T2Dapre	C	9	Dapre
C073	F	212	102	54	131	87	89	65	70.0	09	1	F09T1Dapre	C	9	Dapre
C074	F	180	100	53	118	87	97	55	70.0	10	0	F10T0Dapre	C	8	Dapre
C075	M	174	125	67	113	126	97	67	70.0	06	2	M06T2Dapre	C	8	Dapre
C076	F	114	77	39	96	60	111	28	70.0	25	2	F25T2Dapre	C	7	Dapre
C077	M	249	46	24	76	58	69	83	70.0	20	1	M20T1Dapre	C	6	Dapre
C078	M	155	77	40	96	82	86	67	70.0	15	0	M15T0Dapre	C	7	Dapre
C079	M	124	105	54	95	112	100	43	70.0	17	2	M17T2Dapre	C	6	Dapre
C080	F	169	91	47	127	75	88	55	70.0	10	1	F10T1Dapre	C	8	Dapre
C081	M	173	69	35	89	80	80	68	70.0	06	0	M06T0Dapre	C	7	Dapre
C082	M	164	114	59	110	99	112	60	70.0	23	2	M23T2Dapre	C	7	Dapre
C083	F	253	86	46	118	73	91	71	70.0	19	0	F19T0Dapre	C	9	Dapre
C084	F	186	93	51	112	86	92	56	69.6	13	0	F13T0Dapre	C	9	Dapre
C085	M	186	60	32	88	72	73	62	70.0	24	2	M24T2Dapre	C	7	Dapre
C086	F	197	94	50	105	103	84	59	70.0	11	0	F11T0Dapre	C	10	Dapre
D001	F	124	78	41	104	66	98	30	70.0	02	2	F02T2Dapre	D	8	Dapre
D002	M	184	83	43	89	87	98	78	70.0	16	1	M16T1Dapre	D	10	Dapre
D003	M	177	61	32	88	79	68	60	70.0	24	1	M24T1Dapre	D	9	Dapre
D004	F	128	87	46	117	62	105	51	70.0	21	2	F21T2Dapre	D	7	Dapre
D005	M	145	74	41	110	49	107	69	70.0	28	1	M28T1Dapre	D	7	Dapre
D006	M	227	86	45	104	70	105	77	70.0	18	1	M18T1Dapre	D	10	Dapre
D007	F	186	92	48	116	108	66	69	70.0	03	1	F03T1Dapre	D	10	Dapre
D008	M	214	66	34	87	89	68	83	70.0	17	0	M17T0Dapre	D	9	Dapre
D009	F	212	102	54	131	87	89	65	70.0	09	1	F09T1Dapre	D	10	Dapre
D010	M	186	61	32	90	78	67	59	70.0	24	0	M24T0Dapre	D	9	Dapre
D011	M	163	59	31	81	92	60	54	70.0	26	0	M26T0Dapre	D	8	Dapre
D012	M	169	47	25	87	45	77	77	70.0	16	2	M16T2Dapre	D	7	Dapre
D013	M	246	62	32	83	82	71	83	70.0	14	0	M14T0Dapre	D	9	Dapre
D014	M	156	118	62	107	103	115	58	70.0	30	1	M30T1Dapre	D	10	Dapre
D015	M	159	74	37	95	77	85	62	70.0	07	1	M07T1Dapre	D	8	Dapre
D016	M	218	39	22	64	48	78	66	70.0	12	2	M12T2Dapre	D	5	Dapre
D017	M	243	68	36	77	86	84	74	70.0	14	1	M14T1Dapre	D	10	Dapre
D018	M	186	60	32	88	72	73	62	70.0	24	2	M24T2Dapre	D	10	Dapre
D019	F	213	90	48	119	84	84	68	70.0	04	0	F04T0Dapre	D	10	Dapre
D020	M	170	74	39	99	91	69	59	70.0	30	0	M30T0Dapre	D	9	Dapre
D021	M	115	86	46	108	70	102	69	70.0	15	1	M15T1Dapre	D	8	Dapre
D022	F	216	100	55	111	93	96	60	70.0	25	0	F25T0Dapre	D	10	Dapre
D023	M	124	105	54	95	112	100	43	70.0	17	2	M17T2Dapre	D	10	Dapre
D024	F	219	92	48	123	76	92	62	70.0	09	2	F09T2Dapre	D	9	Dapre
D025	M	156	110	60	109	95	112	60	69.9	07	2	M07T2Dapre	D	9	Dapre
D026	F	207	82	44	97	58	123	80	70.0	01	1	F01T1Dapre	D	8	Dapre
D027	F	177	135	72	118	129	102	55	70.0	13	2	F13T2Dapre	D	10	Dapre
D028	F	204	72	40	102	56	102	57	69.7	11	1	F11T1Dapre	D	7	Dapre
D029	M	213	70	36	91	77	84	73	70.0	05	0	M05T0Dapre	D	8	Dapre
D030	M	180	96	51	97	95	102	56	70.0	30	2	M30T2Dapre	D	9	Dapre
D031	F	186	93	51	112	86	92	56	69.6	13	0	F13T0Dapre	D	10	Dapre
D032	M	197	82	41	86	98	88	62	70.0	27	0	M27T0Dapre	D	9	Dapre
D033	M	164	114	59	110	99	112	60	70.0	23	2	M23T2Dapre	D	10	Dapre
D034	M	202	58	31	68	94	68	58	70.0	12	0	M12T0Dapre	D	9	Dapre
D035	F	253	86	46	118	73	91	71	70.0	19	0	F19T0Dapre	D	9	Dapre
D036	F	210	90	48	100	97	89	63	70.0	22	0	F22T0Dapre	D	10	Dapre
D037	M	236	53	28	78	53	89	89	70.0	20	2	M20T2Dapre	D	5	Dapre
D038	F	155	98	51	131	81	89	55	70.0	10	2	F10T2Dapre	D	10	Dapre
D039	M	212	50	26	82	73	58	85	70.0	16	0	M16T0Dapre	D	8	Dapre
D040	M	232	77	42	99	95	71	72	69.8	18	0	M18T0Dapre	D	8	Dapre
D041	M	180	42	24	62	54	80	63	70.0	12	1	M12T1Dapre	D	3	Dapre
D042	M	174	125	67	113	126	97	67	70.0	06	2	M06T2Dapre	D	10	Dapre
D043	F	210	106	56	128	90	93	65	70.0	09	0	F09T0Dapre	D	10	Dapre
D044	M	230	48	25	81	49	79	74	70.0	20	0	M20T0Dapre	D	6	Dapre
D045	F	208	104	55	110	105	92	58	70.0	02	0	F02T0Dapre	D	10	Dapre
D046	F	228	90	47	119	71	97	64	70.0	29	1	F29T1Dapre	D	9	Dapre
D047	F	236	90	49	114	93	80	70	70.0	08	0	F08T0Dapre	D	9	Dapre
D048	F	228	104	55	121	78	110	80	70.0	21	0	F21T0Dapre	D	7	Dapre
D049	F	117	83	44	103	64	109	45	70.0	01	2	F01T2Dapre	D	6	Dapre
D050	F	230	101	54	123	89	91	60	70.0	29	0	F29T0Dapre	D	10	Dapre
D051	M	163	104	54	105	85	117	64	70.0	23	1	M23T1Dapre	D	10	Dapre
D052	F	197	94	50	105	103	84	59	70.0	11	0	F11T0Dapre	D	9	Dapre
D053	F	220	96	51	116	94	85	87	70.0	04	2	F04T2Dapre	D	10	Dapre
D054	M	207	67	36	86	77	82	67	70.0	14	2	M14T2Dapre	D	8	Dapre
D055	F	228	98	54	119	92	88	84	70.0	19	1	F19T1Dapre	D	10	Dapre
D056	F	191	78	42	106	101	62	80	70.0	01	0	F01T0Dapre	D	7	Dapre
D057	F	114	77	39	96	60	111	28	70.0	25	2	F25T2Dapre	D	4	Dapre
D058	M	173	48	25	76	62	69	67	70.0	28	0	M28T0Dapre	D	4	Dapre
D059	F	215	68	37	103	51	98	59	70.0	11	2	F11T2Dapre	D	6	Dapre
D060	M	160	77	39	95	85	82	65	70.0	06	1	M06T1Dapre	D	8	Dapre
D061	M	162	53	29	69	86	64	54	69.9	26	1	M26T1Dapre	D	5	Dapre
D062	F	181	77	41	108	64	93	57	70.0	13	1	F13T1Dapre	D	6	Dapre
D063	F	108	138	78	109	141	104	32	69.9	08	2	F08T2Dapre	D	9	Dapre
D064	M	186	102	54	102	87	116	74	70.0	05	1	M05T1Dapre	D	9	Dapre
D065	M	188	80	41	96	86	87	56	70.0	07	0	M07T0Dapre	D	10	Dapre
D066	M	173	69	35	89	80	80	68	70.0	06	0	M06T0Dapre	D	10	Dapre
D067	M	182	94	49	96	113	84	59	70.0	26	2	M26T2Dapre	D	10	Dapre
D068	F	216	93	49	110	98	82	65	70.0	03	0	F03T0Dapre	D	10	Dapre
D069	F	217	84	44	118	62	99	63	70.0	29	2	F29T2Dapre	D	8	Dapre
D070	M	176	96	52	101	88	105	67	70.0	28	2	M28T2Dapre	D	9	Dapre
D071	F	169	91	47	127	75	88	55	70.0	10	1	F10T1Dapre	D	9	Dapre
D072	M	176	64	32	89	83	68	56	70.0	23	0	M23T0Dapre	D	7	Dapre
D073	M	168	79	42	86	65	120	70	70.0	05	2	M05T2Dapre	D	5	Dapre
D074	M	188	69	37	87	87	74	59	62.9	27	2	M27T2Dapre	D	8	Dapre
D075	F	180	100	53	118	87	97	55	70.0	10	0	F10T0Dapre	D	10	Dapre
D076	M	249	46	24	76	58	69	83	70.0	20	1	M20T1Dapre	D	7	Dapre
D077	M	236	59	31	76	78	76	91	70.0	17	1	M17T1Dapre	D	6	Dapre
D078	M	133	75	40	98	73	89	70	70.0	15	2	M15T2Dapre	D	8	Dapre
D079	M	155	77	40	96	82	86	67	70.0	15	0	M15T0Dapre	D	8	Dapre
D080	M	242	72	38	102	60	95	74	70.0	18	2	M18T2Dapre	D	7	Dapre
D081	M	200	71	37	88	84	81	60	70.0	27	1	M27T1Dapre	D	9	Dapre
D082	F	199	168	91	124	148	118	63	69.9	03	2	F03T2Dapre	D	10	Dapre
D083	F	197	84	44	113	76	88	59	70.0	22	2	F22T2Dapre	D	8	Dapre
D084	F	232	90	49	116	71	101	79	70.0	19	2	F19T2Dapre	D	9	Dapre
D085	F	235	62	33	107	55	79	65	70.0	08	1	F08T1Dapre	D	6	Dapre
D086	F	192	77	40	94	65	105	55	70.0	25	1	F25T1Dapre	D	7	Dapre
E001	F	253	86	46	118	73	91	71	70.0	19	0	F19T0Dapre	E	9	Dapre
E002	F	216	93	49	110	98	82	65	70.0	03	0	F03T0Dapre	E	10	Dapre
E003	M	230	48	25	81	49	79	74	70.0	20	0	M20T0Dapre	E	5	Dapre
E004	M	176	96	52	101	88	105	67	70.0	28	2	M28T2Dapre	E	3	Dapre
E005	F	228	104	55	121	78	110	80	70.0	21	0	F21T0Dapre	E	4	Dapre
E006	F	108	138	78	109	141	104	32	69.9	08	2	F08T2Dapre	E	2	Dapre
E007	F	191	78	42	106	101	62	80	70.0	01	0	F01T0Dapre	E	9	Dapre
E008	F	208	104	55	110	105	92	58	70.0	02	0	F02T0Dapre	E	8	Dapre
E009	F	186	92	48	116	108	66	69	70.0	03	1	F03T1Dapre	E	8	Dapre
E010	M	243	68	36	77	86	84	74	70.0	14	1	M14T1Dapre	E	9	Dapre
E011	F	155	98	51	131	81	89	55	70.0	10	2	F10T2Dapre	E	6	Dapre
E012	F	212	102	54	131	87	89	65	70.0	09	1	F09T1Dapre	E	8	Dapre
E013	M	174	125	67	113	126	97	67	70.0	06	2	M06T2Dapre	E	4	Dapre
E014	M	159	74	37	95	77	85	62	70.0	07	1	M07T1Dapre	E	3	Dapre
E015	F	199	168	91	124	148	118	63	69.9	03	2	F03T2Dapre	E	5	Dapre
E016	F	219	92	48	123	76	92	62	70.0	09	2	F09T2Dapre	E	4	Dapre
E017	M	176	64	32	89	83	68	56	70.0	23	0	M23T0Dapre	E	4	Dapre
E018	M	180	42	24	62	54	80	63	70.0	12	1	M12T1Dapre	E	2	Dapre
E019	M	170	74	39	99	91	69	59	70.0	30	0	M30T0Dapre	E	5	Dapre
E020	F	232	90	49	116	71	101	79	70.0	19	2	F19T2Dapre	E	6	Dapre
E021	F	228	98	54	119	92	88	84	70.0	19	1	F19T1Dapre	E	8	Dapre
E022	F	236	90	49	114	93	80	70	70.0	08	0	F08T0Dapre	E	7	Dapre
E023	M	180	96	51	97	95	102	56	70.0	30	2	M30T2Dapre	E	4	Dapre
E024	M	218	39	22	64	48	78	66	70.0	12	2	M12T2Dapre	E	2	Dapre
E025	M	197	82	41	86	98	88	62	70.0	27	0	M27T0Dapre	E	7	Dapre
E026	M	184	83	43	89	87	98	78	70.0	16	1	M16T1Dapre	E	3	Dapre
E027	F	181	77	41	108	64	93	57	70.0	13	1	F13T1Dapre	E	2	Dapre
E028	F	207	82	44	97	58	123	80	70.0	01	1	F01T1Dapre	E	1	Dapre
E029	F	114	77	39	96	60	111	28	70.0	25	2	F25T2Dapre	E	1	Dapre
E030	F	177	135	72	118	129	102	55	70.0	13	2	F13T2Dapre	E	5	Dapre
E031	F	124	78	41	104	66	98	30	70.0	02	2	F02T2Dapre	E	3	Dapre
E032	M	156	118	62	107	103	115	58	70.0	30	1	M30T1Dapre	E	2	Dapre
E033	M	133	75	40	98	73	89	70	70.0	15	2	M15T2Dapre	E	3	Dapre
E034	M	207	67	36	86	77	82	67	70.0	14	2	M14T2Dapre	E	7	Dapre
E035	M	177	61	32	88	79	68	60	70.0	24	1	M24T1Dapre	E	8	Dapre
E036	F	235	62	33	107	55	79	65	70.0	08	1	F08T1Dapre	E	5	Dapre
E037	M	186	60	32	88	72	73	62	70.0	24	2	M24T2Dapre	E	8	Dapre
E038	M	145	74	41	110	49	107	69	70.0	28	1	M28T1Dapre	E	3	Dapre
E039	M	214	66	34	87	89	68	83	70.0	17	0	M17T0Dapre	E	8	Dapre
E040	F	228	90	47	119	71	97	64	70.0	29	1	F29T1Dapre	E	4	Dapre
E041	M	155	77	40	96	82	86	67	70.0	15	0	M15T0Dapre	E	2	Dapre
E042	M	156	110	60	109	95	112	60	69.9	07	2	M07T2Dapre	E	1	Dapre
E043	F	213	90	48	119	84	84	68	70.0	04	0	F04T0Dapre	E	6	Dapre
E044	F	230	101	54	123	89	91	60	70.0	29	0	F29T0Dapre	E	3	Dapre
E045	M	213	70	36	91	77	84	73	70.0	05	0	M05T0Dapre	E	2	Dapre
E046	M	227	86	45	104	70	105	77	70.0	18	1	M18T1Dapre	E	1	Dapre
E047	M	188	80	41	96	86	87	56	70.0	07	0	M07T0Dapre	E	1	Dapre
E048	M	232	77	42	99	95	71	72	69.8	18	0	M18T0Dapre	E	6	Dapre
E049	F	220	96	51	116	94	85	87	70.0	04	2	F04T2Dapre	E	5	Dapre
E050	F	192	77	40	94	65	105	55	70.0	25	1	F25T1Dapre	E	3	Dapre
E051	M	163	59	31	81	92	60	54	70.0	26	0	M26T0Dapre	E	6	Dapre
E052	M	212	50	26	82	73	58	85	70.0	16	0	M16T0Dapre	E	7	Dapre
E053	F	128	87	46	117	62	105	51	70.0	21	2	F21T2Dapre	E	2	Dapre
E054	F	180	100	53	118	87	97	55	70.0	10	0	F10T0Dapre	E	4	Dapre
E055	M	202	58	31	68	94	68	58	70.0	12	0	M12T0Dapre	E	6	Dapre
E056	M	236	53	28	78	53	89	89	70.0	20	2	M20T2Dapre	E	1	Dapre
E057	M	242	72	38	102	60	95	74	70.0	18	2	M18T2Dapre	E	3	Dapre
E058	M	173	48	25	76	62	69	67	70.0	28	0	M28T0Dapre	E	4	Dapre
E059	M	186	61	32	90	78	67	59	70.0	24	0	M24T0Dapre	E	8	Dapre
E060	F	210	106	56	128	90	93	65	70.0	09	0	F09T0Dapre	E	6	Dapre
E061	F	117	83	44	103	64	109	45	70.0	01	2	F01T2Dapre	E	2	Dapre
E062	M	249	46	24	76	58	69	83	70.0	20	1	M20T1Dapre	E	8	Dapre
E063	F	216	100	55	111	93	96	60	70.0	25	0	F25T0Dapre	E	6	Dapre
E064	M	200	71	37	88	84	81	60	70.0	27	1	M27T1Dapre	E	7	Dapre
E065	F	197	94	50	105	103	84	59	70.0	11	0	F11T0Dapre	E	8	Dapre
E066	M	246	62	32	83	82	71	83	70.0	14	0	M14T0Dapre	E	7	Dapre
E067	F	169	91	47	127	75	88	55	70.0	10	1	F10T1Dapre	E	3	Dapre
E068	F	210	90	48	100	97	89	63	70.0	22	0	F22T0Dapre	E	8	Dapre
E069	M	186	102	54	102	87	116	74	70.0	05	1	M05T1Dapre	E	2	Dapre
E070	M	168	79	42	86	65	120	70	70.0	05	2	M05T2Dapre	E	1	Dapre
E071	M	164	114	59	110	99	112	60	70.0	23	2	M23T2Dapre	E	2	Dapre
E072	M	188	69	37	87	87	74	59	62.9	27	2	M27T2Dapre	E	3	Dapre
E073	M	163	104	54	105	85	117	64	70.0	23	1	M23T1Dapre	E	3	Dapre
E074	M	173	69	35	89	80	80	68	70.0	06	0	M06T0Dapre	E	4	Dapre
E075	M	160	77	39	95	85	82	65	70.0	06	1	M06T1Dapre	E	4	Dapre
E076	F	197	84	44	113	76	88	59	70.0	22	2	F22T2Dapre	E	3	Dapre
E077	M	124	105	54	95	112	100	43	70.0	17	2	M17T2Dapre	E	2	Dapre
E078	F	215	68	37	103	51	98	59	70.0	11	2	F11T2Dapre	E	2	Dapre
E079	F	186	93	51	112	86	92	56	69.6	13	0	F13T0Dapre	E	7	Dapre
E080	M	182	94	49	96	113	84	59	70.0	26	2	M26T2Dapre	E	6	Dapre
E081	M	236	59	31	76	78	76	91	70.0	17	1	M17T1Dapre	E	5	Dapre
E082	M	169	47	25	87	45	77	77	70.0	16	2	M16T2Dapre	E	3	Dapre
E083	M	162	53	29	69	86	64	54	69.9	26	1	M26T1Dapre	E	7	Dapre
E084	M	115	86	46	108	70	102	69	70.0	15	1	M15T1Dapre	E	2	Dapre
E085	F	217	84	44	118	62	99	63	70.0	29	2	F29T2Dapre	E	3	Dapre
E086	F	204	72	40	102	56	102	57	69.7	11	1	F11T1Dapre	E	2	Dapre
F001	F	117	83	44	103	64	109	45	70.0	01	2	F01T2Dapre	F	5	Dapre
F002	M	163	104	54	105	85	117	64	70.0	23	1	M23T1Dapre	F	8	Dapre
F003	M	227	86	45	104	70	105	77	70.0	18	1	M18T1Dapre	F	8	Dapre
F004	F	228	90	47	119	71	97	64	70.0	29	1	F29T1Dapre	F	7	Dapre
F005	F	128	87	46	117	62	105	51	70.0	21	2	F21T2Dapre	F	5	Dapre
F006	M	156	110	60	109	95	112	60	69.9	07	2	M07T2Dapre	F	6	Dapre
F007	F	207	82	44	97	58	123	80	70.0	01	1	F01T1Dapre	F	4	Dapre
F008	M	186	61	32	90	78	67	59	70.0	24	0	M24T0Dapre	F	8	Dapre
F009	M	212	50	26	82	73	58	85	70.0	16	0	M16T0Dapre	F	6	Dapre
F010	M	213	70	36	91	77	84	73	70.0	05	0	M05T0Dapre	F	5	Dapre
F011	M	145	74	41	110	49	107	69	70.0	28	1	M28T1Dapre	F	4	Dapre
F012	M	218	39	22	64	48	78	66	70.0	12	2	M12T2Dapre	F	3	Dapre
F013	M	207	67	36	86	77	82	67	70.0	14	2	M14T2Dapre	F	9	Dapre
F014	M	236	59	31	76	78	76	91	70.0	17	1	M17T1Dapre	F	7	Dapre
F015	M	169	47	25	87	45	77	77	70.0	16	2	M16T2Dapre	F	6	Dapre
F016	M	243	68	36	77	86	84	74	70.0	14	1	M14T1Dapre	F	9	Dapre
F017	M	164	114	59	110	99	112	60	70.0	23	2	M23T2Dapre	F	7	Dapre
F018	F	197	94	50	105	103	84	59	70.0	11	0	F11T0Dapre	F	8	Dapre
F019	M	124	105	54	95	112	100	43	70.0	17	2	M17T2Dapre	F	4	Dapre
F020	M	168	79	42	86	65	120	70	70.0	05	2	M05T2Dapre	F	1	Dapre
F021	M	174	125	67	113	126	97	67	70.0	06	2	M06T2Dapre	F	7	Dapre
F022	M	236	53	28	78	53	89	89	70.0	20	2	M20T2Dapre	F	3	Dapre
F023	F	180	100	53	118	87	97	55	70.0	10	0	F10T0Dapre	F	4	Dapre
F024	M	182	94	49	96	113	84	59	70.0	26	2	M26T2Dapre	F	7	Dapre
F025	M	162	53	29	69	86	64	54	69.9	26	1	M26T1Dapre	F	5	Dapre
F026	M	186	60	32	88	72	73	62	70.0	24	2	M24T2Dapre	F	6	Dapre
F027	F	219	92	48	123	76	92	62	70.0	09	2	F09T2Dapre	F	8	Dapre
F028	F	108	138	78	109	141	104	32	69.9	08	2	F08T2Dapre	F	4	Dapre
F029	F	212	102	54	131	87	89	65	70.0	09	1	F09T1Dapre	F	6	Dapre
F030	F	155	98	51	131	81	89	55	70.0	10	2	F10T2Dapre	F	5	Dapre
F031	M	230	48	25	81	49	79	74	70.0	20	0	M20T0Dapre	F	3	Dapre
F032	F	217	84	44	118	62	99	63	70.0	29	2	F29T2Dapre	F	5	Dapre
F033	F	215	68	37	103	51	98	59	70.0	11	2	F11T2Dapre	F	6	Dapre
F034	F	181	77	41	108	64	93	57	70.0	13	1	F13T1Dapre	F	6	Dapre
F035	F	236	90	49	114	93	80	70	70.0	08	0	F08T0Dapre	F	8	Dapre
F036	M	246	62	32	83	82	71	83	70.0	14	0	M14T0Dapre	F	7	Dapre
F037	M	163	59	31	81	92	60	54	70.0	26	0	M26T0Dapre	F	4	Dapre
F038	F	114	77	39	96	60	111	28	70.0	25	2	F25T2Dapre	F	2	Dapre
F039	F	204	72	40	102	56	102	57	69.7	11	1	F11T1Dapre	F	5	Dapre
F040	F	197	84	44	113	76	88	59	70.0	22	2	F22T2Dapre	F	6	Dapre
F041	M	197	82	41	86	98	88	62	70.0	27	0	M27T0Dapre	F	5	Dapre
F042	M	186	102	54	102	87	116	74	70.0	05	1	M05T1Dapre	F	3	Dapre
F043	F	228	104	55	121	78	110	80	70.0	21	0	F21T0Dapre	F	5	Dapre
F044	M	155	77	40	96	82	86	67	70.0	15	0	M15T0Dapre	F	4	Dapre
F045	M	249	46	24	76	58	69	83	70.0	20	1	M20T1Dapre	F	6	Dapre
F046	F	216	93	49	110	98	82	65	70.0	03	0	F03T0Dapre	F	7	Dapre
F047	F	124	78	41	104	66	98	30	70.0	02	2	F02T2Dapre	F	4	Dapre
F048	F	186	92	48	116	108	66	69	70.0	03	1	F03T1Dapre	F	6	Dapre
F049	F	253	86	46	118	73	91	71	70.0	19	0	F19T0Dapre	F	8	Dapre
F050	M	176	96	52	101	88	105	67	70.0	28	2	M28T2Dapre	F	4	Dapre
F051	M	188	80	41	96	86	87	56	70.0	07	0	M07T0Dapre	F	6	Dapre
F052	M	176	64	32	89	83	68	56	70.0	23	0	M23T0Dapre	F	5	Dapre
F053	F	228	98	54	119	92	88	84	70.0	19	1	F19T1Dapre	F	8	Dapre
F054	M	180	42	24	62	54	80	63	70.0	12	1	M12T1Dapre	F	2	Dapre
F055	M	173	69	35	89	80	80	68	70.0	06	0	M06T0Dapre	F	4	Dapre
F056	F	186	93	51	112	86	92	56	69.6	13	0	F13T0Dapre	F	7	Dapre
F057	M	170	74	39	99	91	69	59	70.0	30	0	M30T0Dapre	F	6	Dapre
F058	F	208	104	55	110	105	92	58	70.0	02	0	F02T0Dapre	F	7	Dapre
F059	M	232	77	42	99	95	71	72	69.8	18	0	M18T0Dapre	F	6	Dapre
F060	M	160	77	39	95	85	82	65	70.0	06	1	M06T1Dapre	F	5	Dapre
F061	F	235	62	33	107	55	79	65	70.0	08	1	F08T1Dapre	F	5	Dapre
F062	F	191	78	42	106	101	62	80	70.0	01	0	F01T0Dapre	F	6	Dapre
F063	M	202	58	31	68	94	68	58	70.0	12	0	M12T0Dapre	F	5	Dapre
F064	M	133	75	40	98	73	89	70	70.0	15	2	M15T2Dapre	F	4	Dapre
F065	M	184	83	43	89	87	98	78	70.0	16	1	M16T1Dapre	F	6	Dapre
F066	M	242	72	38	102	60	95	74	70.0	18	2	M18T2Dapre	F	5	Dapre
F067	F	220	96	51	116	94	85	87	70.0	04	2	F04T2Dapre	F	6	Dapre
F068	F	210	90	48	100	97	89	63	70.0	22	0	F22T0Dapre	F	7	Dapre
F069	F	213	90	48	119	84	84	68	70.0	04	0	F04T0Dapre	F	6	Dapre
F070	F	177	135	72	118	129	102	55	70.0	13	2	F13T2Dapre	F	5	Dapre
F071	M	159	74	37	95	77	85	62	70.0	07	1	M07T1Dapre	F	4	Dapre
F072	F	232	90	49	116	71	101	79	70.0	19	2	F19T2Dapre	F	8	Dapre
F073	M	200	71	37	88	84	81	60	70.0	27	1	M27T1Dapre	F	7	Dapre
F074	M	173	48	25	76	62	69	67	70.0	28	0	M28T0Dapre	F	4	Dapre
F075	F	169	91	47	127	75	88	55	70.0	10	1	F10T1Dapre	F	6	Dapre
F076	M	156	118	62	107	103	115	58	70.0	30	1	M30T1Dapre	F	7	Dapre
F077	M	115	86	46	108	70	102	69	70.0	15	1	M15T1Dapre	F	5	Dapre
F078	F	199	168	91	124	148	118	63	69.9	03	2	F03T2Dapre	F	7	Dapre
F079	M	214	66	34	87	89	68	83	70.0	17	0	M17T0Dapre	F	6	Dapre
F080	M	177	61	32	88	79	68	60	70.0	24	1	M24T1Dapre	F	7	Dapre
F081	F	210	106	56	128	90	93	65	70.0	09	0	F09T0Dapre	F	8	Dapre
F082	F	216	100	55	111	93	96	60	70.0	25	0	F25T0Dapre	F	9	Dapre
F083	F	192	77	40	94	65	105	55	70.0	25	1	F25T1Dapre	F	7	Dapre
F084	F	230	101	54	123	89	91	60	70.0	29	0	F29T0Dapre	F	7	Dapre
F085	M	180	96	51	97	95	102	56	70.0	30	2	M30T2Dapre	F	6	Dapre
F086	M	188	69	37	87	87	74	59	62.9	27	2	M27T2Dapre	F	8	Dapre
G001	M	188	69	37	87	87	74	59	62.9	27	2	M27T2Dapre	G	8	Dapre
G002	F	197	94	50	105	103	84	59	70.0	11	0	F11T0Dapre	G	10	Dapre
G003	M	155	77	40	96	82	86	67	70.0	15	0	M15T0Dapre	G	10	Dapre
G004	F	212	102	54	131	87	89	65	70.0	09	1	F09T1Dapre	G	10	Dapre
G005	F	181	77	41	108	64	93	57	70.0	13	1	F13T1Dapre	G	8	Dapre
G006	M	230	48	25	81	49	79	74	70.0	20	0	M20T0Dapre	G	7	Dapre
G007	M	145	74	41	110	49	107	69	70.0	28	1	M28T1Dapre	G	7	Dapre
G008	F	186	92	48	116	108	66	69	70.0	03	1	F03T1Dapre	G	8	Dapre
G009	M	243	68	36	77	86	84	74	70.0	14	1	M14T1Dapre	G	8	Dapre
G010	M	242	72	38	102	60	95	74	70.0	18	2	M18T2Dapre	G	7	Dapre
G011	M	159	74	37	95	77	85	62	70.0	07	1	M07T1Dapre	G	8	Dapre
G012	F	180	100	53	118	87	97	55	70.0	10	0	F10T0Dapre	G	9	Dapre
G013	M	156	118	62	107	103	115	58	70.0	30	1	M30T1Dapre	G	10	Dapre
G014	F	210	106	56	128	90	93	65	70.0	09	0	F09T0Dapre	G	10	Dapre
G015	F	199	168	91	124	148	118	63	69.9	03	2	F03T2Dapre	G	10	Dapre
G016	M	160	77	39	95	85	82	65	70.0	06	1	M06T1Dapre	G	9	Dapre
G017	M	214	66	34	87	89	68	83	70.0	17	0	M17T0Dapre	G	8	Dapre
G018	M	197	82	41	86	98	88	62	70.0	27	0	M27T0Dapre	G	9	Dapre
G019	F	186	93	51	112	86	92	56	69.6	13	0	F13T0Dapre	G	9	Dapre
G020	F	215	68	37	103	51	98	59	70.0	11	2	F11T2Dapre	G	7	Dapre
G021	F	228	104	55	121	78	110	80	70.0	21	0	F21T0Dapre	G	8	Dapre
G022	M	176	96	52	101	88	105	67	70.0	28	2	M28T2Dapre	G	9	Dapre
G023	F	197	84	44	113	76	88	59	70.0	22	2	F22T2Dapre	G	7	Dapre
G024	M	164	114	59	110	99	112	60	70.0	23	2	M23T2Dapre	G	8	Dapre
G025	M	232	77	42	99	95	71	72	69.8	18	0	M18T0Dapre	G	8	Dapre
G026	M	207	67	36	86	77	82	67	70.0	14	2	M14T2Dapre	G	8	Dapre
G027	F	217	84	44	118	62	99	63	70.0	29	2	F29T2Dapre	G	7	Dapre
G028	F	191	78	42	106	101	62	80	70.0	01	0	F01T0Dapre	G	6	Dapre
G029	M	236	53	28	78	53	89	89	70.0	20	2	M20T2Dapre	G	6	Dapre
G030	F	208	104	55	110	105	92	58	70.0	02	0	F02T0Dapre	G	9	Dapre
G031	M	115	86	46	108	70	102	69	70.0	15	1	M15T1Dapre	G	7	Dapre
G032	M	188	80	41	96	86	87	56	70.0	07	0	M07T0Dapre	G	9	Dapre
G033	M	124	105	54	95	112	100	43	70.0	17	2	M17T2Dapre	G	9	Dapre
G034	F	155	98	51	131	81	89	55	70.0	10	2	F10T2Dapre	G	9	Dapre
G035	F	213	90	48	119	84	84	68	70.0	04	0	F04T0Dapre	G	9	Dapre
G036	F	192	77	40	94	65	105	55	70.0	25	1	F25T1Dapre	G	7	Dapre
G037	M	182	94	49	96	113	84	59	70.0	26	2	M26T2Dapre	G	9	Dapre
G038	M	180	42	24	62	54	80	63	70.0	12	1	M12T1Dapre	G	5	Dapre
G039	M	163	104	54	105	85	117	64	70.0	23	1	M23T1Dapre	G	9	Dapre
G040	F	228	90	47	119	71	97	64	70.0	29	1	F29T1Dapre	G	8	Dapre
G041	M	202	58	31	68	94	68	58	70.0	12	0	M12T0Dapre	G	6	Dapre
G042	M	200	71	37	88	84	81	60	70.0	27	1	M27T1Dapre	G	7	Dapre
G043	M	186	60	32	88	72	73	62	70.0	24	2	M24T2Dapre	G	8	Dapre
G044	M	156	110	60	109	95	112	60	69.9	07	2	M07T2Dapre	G	8	Dapre
G045	M	133	75	40	98	73	89	70	70.0	15	2	M15T2Dapre	G	8	Dapre
G046	M	176	64	32	89	83	68	56	70.0	23	0	M23T0Dapre	G	6	Dapre
G047	F	207	82	44	97	58	123	80	70.0	01	1	F01T1Dapre	G	7	Dapre
G048	F	204	72	40	102	56	102	57	69.7	11	1	F11T1Dapre	G	6	Dapre
G049	F	177	135	72	118	129	102	55	70.0	13	2	F13T2Dapre	G	9	Dapre
G050	M	236	59	31	76	78	76	91	70.0	17	1	M17T1Dapre	G	7	Dapre
G051	F	220	96	51	116	94	85	87	70.0	04	2	F04T2Dapre	G	9	Dapre
G052	M	246	62	32	83	82	71	83	70.0	14	0	M14T0Dapre	G	7	Dapre
G053	M	212	50	26	82	73	58	85	70.0	16	0	M16T0Dapre	G	6	Dapre
G054	M	218	39	22	64	48	78	66	70.0	12	2	M12T2Dapre	G	5	Dapre
G055	F	253	86	46	118	73	91	71	70.0	19	0	F19T0Dapre	G	9	Dapre
G056	F	210	90	48	100	97	89	63	70.0	22	0	F22T0Dapre	G	9	Dapre
G057	F	169	91	47	127	75	88	55	70.0	10	1	F10T1Dapre	G	8	Dapre
G058	M	173	69	35	89	80	80	68	70.0	06	0	M06T0Dapre	G	7	Dapre
G059	F	108	138	78	109	141	104	32	69.9	08	2	F08T2Dapre	G	7	Dapre
G060	M	168	79	42	86	65	120	70	70.0	05	2	M05T2Dapre	G	5	Dapre
G061	M	227	86	45	104	70	105	77	70.0	18	1	M18T1Dapre	G	8	Dapre
G062	M	162	53	29	69	86	64	54	69.9	26	1	M26T1Dapre	G	5	Dapre
G063	M	170	74	39	99	91	69	59	70.0	30	0	M30T0Dapre	G	8	Dapre
G064	F	235	62	33	107	55	79	65	70.0	08	1	F08T1Dapre	G	6	Dapre
G065	M	184	83	43	89	87	98	78	70.0	16	1	M16T1Dapre	G	8	Dapre
G066	M	186	61	32	90	78	67	59	70.0	24	0	M24T0Dapre	G	8	Dapre
G067	F	117	83	44	103	64	109	45	70.0	01	2	F01T2Dapre	G	6	Dapre
G068	F	124	78	41	104	66	98	30	70.0	02	2	F02T2Dapre	G	6	Dapre
G069	F	216	100	55	111	93	96	60	70.0	25	0	F25T0Dapre	G	9	Dapre
G070	F	228	98	54	119	92	88	84	70.0	19	1	F19T1Dapre	G	10	Dapre
G071	M	213	70	36	91	77	84	73	70.0	05	0	M05T0Dapre	G	7	Dapre
G072	F	219	92	48	123	76	92	62	70.0	09	2	F09T2Dapre	G	8	Dapre
G073	F	230	101	54	123	89	91	60	70.0	29	0	F29T0Dapre	G	9	Dapre
G074	M	186	102	54	102	87	116	74	70.0	05	1	M05T1Dapre	G	8	Dapre
G075	F	232	90	49	116	71	101	79	70.0	19	2	F19T2Dapre	G	9	Dapre
G076	F	236	90	49	114	93	80	70	70.0	08	0	F08T0Dapre	G	9	Dapre
G077	M	177	61	32	88	79	68	60	70.0	24	1	M24T1Dapre	G	9	Dapre
G078	M	163	59	31	81	92	60	54	70.0	26	0	M26T0Dapre	G	6	Dapre
G079	M	180	96	51	97	95	102	56	70.0	30	2	M30T2Dapre	G	9	Dapre
G080	M	169	47	25	87	45	77	77	70.0	16	2	M16T2Dapre	G	5	Dapre
G081	M	174	125	67	113	126	97	67	70.0	06	2	M06T2Dapre	G	9	Dapre
G082	M	173	48	25	76	62	69	67	70.0	28	0	M28T0Dapre	G	6	Dapre
G083	M	249	46	24	76	58	69	83	70.0	20	1	M20T1Dapre	G	7	Dapre
G084	F	216	93	49	110	98	82	65	70.0	03	0	F03T0Dapre	G	9	Dapre
G085	F	114	77	39	96	60	111	28	70.0	25	2	F25T2Dapre	G	5	Dapre
G086	F	128	87	46	117	62	105	51	70.0	21	2	F21T2Dapre	G	6	Dapre
H001	M	218	39	22	64	48	78	66	70.0	12	2	M12T2Dapre	H	6	Dapre
H002	M	200	71	37	88	84	81	60	70.0	27	1	M27T1Dapre	H	10	Dapre
H003	M	188	80	41	96	86	87	56	70.0	07	0	M07T0Dapre	H	9	Dapre
H004	M	243	68	36	77	86	84	74	70.0	14	1	M14T1Dapre	H	9	Dapre
H005	M	145	74	41	110	49	107	69	70.0	28	1	M28T1Dapre	H	2	Dapre
H006	M	173	69	35	89	80	80	68	70.0	06	0	M06T0Dapre	H	8	Dapre
H007	M	186	60	32	88	72	73	62	70.0	24	2	M24T2Dapre	H	8	Dapre
H008	M	186	61	32	90	78	67	59	70.0	24	0	M24T0Dapre	H	9	Dapre
H009	M	184	83	43	89	87	98	78	70.0	16	1	M16T1Dapre	H	10	Dapre
H010	F	216	93	49	110	98	82	65	70.0	03	0	F03T0Dapre	H	9	Dapre
H011	F	228	98	54	119	92	88	84	70.0	19	1	F19T1Dapre	H	8	Dapre
H012	F	228	90	47	119	71	97	64	70.0	29	1	F29T1Dapre	H	4	Dapre
H013	M	163	59	31	81	92	60	54	70.0	26	0	M26T0Dapre	H	5	Dapre
H014	M	156	118	62	107	103	115	58	70.0	30	1	M30T1Dapre	H	10	Dapre
H015	F	253	86	46	118	73	91	71	70.0	19	0	F19T0Dapre	H	7	Dapre
H016	M	164	114	59	110	99	112	60	70.0	23	2	M23T2Dapre	H	8	Dapre
H017	M	242	72	38	102	60	95	74	70.0	18	2	M18T2Dapre	H	6	Dapre
H018	F	220	96	51	116	94	85	87	70.0	04	2	F04T2Dapre	H	7	Dapre
H019	F	217	84	44	118	62	99	63	70.0	29	2	F29T2Dapre	H	6	Dapre
H020	M	174	125	67	113	126	97	67	70.0	06	2	M06T2Dapre	H	6	Dapre
H021	F	186	92	48	116	108	66	69	70.0	03	1	F03T1Dapre	H	4	Dapre
H022	M	232	77	42	99	95	71	72	69.8	18	0	M18T0Dapre	H	5	Dapre
H023	M	155	77	40	96	82	86	67	70.0	15	0	M15T0Dapre	H	6	Dapre
H024	F	108	138	78	109	141	104	32	69.9	08	2	F08T2Dapre	H	6	Dapre
H025	F	210	90	48	100	97	89	63	70.0	22	0	F22T0Dapre	H	8	Dapre
H026	F	197	84	44	113	76	88	59	70.0	22	2	F22T2Dapre	H	7	Dapre
H027	M	212	50	26	82	73	58	85	70.0	16	0	M16T0Dapre	H	7	Dapre
H028	F	215	68	37	103	51	98	59	70.0	11	2	F11T2Dapre	H	7	Dapre
H029	M	182	94	49	96	113	84	59	70.0	26	2	M26T2Dapre	H	10	Dapre
H030	F	191	78	42	106	101	62	80	70.0	01	0	F01T0Dapre	H	9	Dapre
H031	F	219	92	48	123	76	92	62	70.0	09	2	F09T2Dapre	H	8	Dapre
H032	F	181	77	41	108	64	93	57	70.0	13	1	F13T1Dapre	H	8	Dapre
H033	M	133	75	40	98	73	89	70	70.0	15	2	M15T2Dapre	H	8	Dapre
H034	M	115	86	46	108	70	102	69	70.0	15	1	M15T1Dapre	H	7	Dapre
H035	M	230	48	25	81	49	79	74	70.0	20	0	M20T0Dapre	H	7	Dapre
H036	F	197	94	50	105	103	84	59	70.0	11	0	F11T0Dapre	H	10	Dapre
H037	M	227	86	45	104	70	105	77	70.0	18	1	M18T1Dapre	H	8	Dapre
H038	M	156	110	60	109	95	112	60	69.9	07	2	M07T2Dapre	H	9	Dapre
H039	F	212	102	54	131	87	89	65	70.0	09	1	F09T1Dapre	H	8	Dapre
H040	M	168	79	42	86	65	120	70	70.0	05	2	M05T2Dapre	H	2	Dapre
H041	M	197	82	41	86	98	88	62	70.0	27	0	M27T0Dapre	H	8	Dapre
H042	M	176	64	32	89	83	68	56	70.0	23	0	M23T0Dapre	H	8	Dapre
H043	M	213	70	36	91	77	84	73	70.0	05	0	M05T0Dapre	H	7	Dapre
H044	F	204	72	40	102	56	102	57	69.7	11	1	F11T1Dapre	H	7	Dapre
H045	M	186	102	54	102	87	116	74	70.0	05	1	M05T1Dapre	H	6	Dapre
H046	F	180	100	53	118	87	97	55	70.0	10	0	F10T0Dapre	H	8	Dapre
H047	M	162	53	29	69	86	64	54	69.9	26	1	M26T1Dapre	H	5	Dapre
H048	F	124	78	41	104	66	98	30	70.0	02	2	F02T2Dapre	H	5	Dapre
H049	M	188	69	37	87	87	74	59	62.9	27	2	M27T2Dapre	H	9	Dapre
H050	M	173	48	25	76	62	69	67	70.0	28	0	M28T0Dapre	H	9	Dapre
H051	M	236	59	31	76	78	76	91	70.0	17	1	M17T1Dapre	H	10	Dapre
H052	F	199	168	91	124	148	118	63	69.9	03	2	F03T2Dapre	H	10	Dapre
H053	F	216	100	55	111	93	96	60	70.0	25	0	F25T0Dapre	H	7	Dapre
H054	M	177	61	32	88	79	68	60	70.0	24	1	M24T1Dapre	H	10	Dapre
H055	M	249	46	24	76	58	69	83	70.0	20	1	M20T1Dapre	H	10	Dapre
H056	F	236	90	49	114	93	80	70	70.0	08	0	F08T0Dapre	H	9	Dapre
H057	M	163	104	54	105	85	117	64	70.0	23	1	M23T1Dapre	H	8	Dapre
H058	F	186	93	51	112	86	92	56	69.6	13	0	F13T0Dapre	H	7	Dapre
H059	M	176	96	52	101	88	105	67	70.0	28	2	M28T2Dapre	H	8	Dapre
H060	M	180	96	51	97	95	102	56	70.0	30	2	M30T2Dapre	H	10	Dapre
H061	M	170	74	39	99	91	69	59	70.0	30	0	M30T0Dapre	H	9	Dapre
H062	F	207	82	44	97	58	123	80	70.0	01	1	F01T1Dapre	H	3	Dapre
H063	F	235	62	33	107	55	79	65	70.0	08	1	F08T1Dapre	H	6	Dapre
H064	M	246	62	32	83	82	71	83	70.0	14	0	M14T0Dapre	H	10	Dapre
H065	F	169	91	47	127	75	88	55	70.0	10	1	F10T1Dapre	H	7	Dapre
H066	M	202	58	31	68	94	68	58	70.0	12	0	M12T0Dapre	H	7	Dapre
H067	M	169	47	25	87	45	77	77	70.0	16	2	M16T2Dapre	H	7	Dapre
H068	M	180	42	24	62	54	80	63	70.0	12	1	M12T1Dapre	H	7	Dapre
H069	M	159	74	37	95	77	85	62	70.0	07	1	M07T1Dapre	H	8	Dapre
H070	M	207	67	36	86	77	82	67	70.0	14	2	M14T2Dapre	H	10	Dapre
H071	F	177	135	72	118	129	102	55	70.0	13	2	F13T2Dapre	H	9	Dapre
H072	F	213	90	48	119	84	84	68	70.0	04	0	F04T0Dapre	H	8	Dapre
H073	M	214	66	34	87	89	68	83	70.0	17	0	M17T0Dapre	H	7	Dapre
H074	M	160	77	39	95	85	82	65	70.0	06	1	M06T1Dapre	H	8	Dapre
H075	F	128	87	46	117	62	105	51	70.0	21	2	F21T2Dapre	H	2	Dapre
H076	M	236	53	28	78	53	89	89	70.0	20	2	M20T2Dapre	H	2	Dapre
H077	F	208	104	55	110	105	92	58	70.0	02	0	F02T0Dapre	H	9	Dapre
H078	F	155	98	51	131	81	89	55	70.0	10	2	F10T2Dapre	H	6	Dapre
H079	F	210	106	56	128	90	93	65	70.0	09	0	F09T0Dapre	H	9	Dapre
H080	F	117	83	44	103	64	109	45	70.0	01	2	F01T2Dapre	H	4	Dapre
H081	F	230	101	54	123	89	91	60	70.0	29	0	F29T0Dapre	H	8	Dapre
H082	F	192	77	40	94	65	105	55	70.0	25	1	F25T1Dapre	H	6	Dapre
H083	F	228	104	55	121	78	110	80	70.0	21	0	F21T0Dapre	H	7	Dapre
H084	F	232	90	49	116	71	101	79	70.0	19	2	F19T2Dapre	H	8	Dapre
H085	F	114	77	39	96	60	111	28	70.0	25	2	F25T2Dapre	H	4	Dapre
H086	M	124	105	54	95	112	100	43	70.0	17	2	M17T2Dapre	H	8	Dapre
I001	F	236	90	49	114	93	80	70	70.0	08	0	F08T0Dapre	I	9	Dapre
I002	F	235	62	33	107	55	79	65	70.0	08	1	F08T1Dapre	I	8	Dapre
I003	M	169	47	25	87	45	77	77	70.0	16	2	M16T2Dapre	I	8	Dapre
I004	F	230	101	54	123	89	91	60	70.0	29	0	F29T0Dapre	I	9	Dapre
I005	M	232	77	42	99	95	71	72	69.8	18	0	M18T0Dapre	I	8	Dapre
I006	F	191	78	42	106	101	62	80	70.0	01	0	F01T0Dapre	I	8	Dapre
I007	F	215	68	37	103	51	98	59	70.0	11	2	F11T2Dapre	I	7	Dapre
I008	M	218	39	22	64	48	78	66	70.0	12	2	M12T2Dapre	I	6	Dapre
I009	F	169	91	47	127	75	88	55	70.0	10	1	F10T1Dapre	I	8	Dapre
I010	M	200	71	37	88	84	81	60	70.0	27	1	M27T1Dapre	I	10	Dapre
I011	M	160	77	39	95	85	82	65	70.0	06	1	M06T1Dapre	I	8	Dapre
I012	M	155	77	40	96	82	86	67	70.0	15	0	M15T0Dapre	I	7	Dapre
I013	M	188	69	37	87	87	74	59	62.9	27	2	M27T2Dapre	I	8	Dapre
I014	F	192	77	40	94	65	105	55	70.0	25	1	F25T1Dapre	I	6	Dapre
I015	M	236	53	28	78	53	89	89	70.0	20	2	M20T2Dapre	I	5	Dapre
I016	M	162	53	29	69	86	64	54	69.9	26	1	M26T1Dapre	I	8	Dapre
I017	F	216	93	49	110	98	82	65	70.0	03	0	F03T0Dapre	I	10	Dapre
I018	F	197	84	44	113	76	88	59	70.0	22	2	F22T2Dapre	I	8	Dapre
I019	M	180	42	24	62	54	80	63	70.0	12	1	M12T1Dapre	I	5	Dapre
I020	M	197	82	41	86	98	88	62	70.0	27	0	M27T0Dapre	I	7	Dapre
I021	M	176	96	52	101	88	105	67	70.0	28	2	M28T2Dapre	I	6	Dapre
I022	M	115	86	46	108	70	102	69	70.0	15	1	M15T1Dapre	I	5	Dapre
I023	F	108	138	78	109	141	104	32	69.9	08	2	F08T2Dapre	I	6	Dapre
I024	F	210	90	48	100	97	89	63	70.0	22	0	F22T0Dapre	I	10	Dapre
I025	F	180	100	53	118	87	97	55	70.0	10	0	F10T0Dapre	I	8	Dapre
I026	F	220	96	51	116	94	85	87	70.0	04	2	F04T2Dapre	I	9	Dapre
I027	M	133	75	40	98	73	89	70	70.0	15	2	M15T2Dapre	I	8	Dapre
I028	F	197	94	50	105	103	84	59	70.0	11	0	F11T0Dapre	I	10	Dapre
I029	F	210	106	56	128	90	93	65	70.0	09	0	F09T0Dapre	I	7	Dapre
I030	M	163	104	54	105	85	117	64	70.0	23	1	M23T1Dapre	I	7	Dapre
I031	F	181	77	41	108	64	93	57	70.0	13	1	F13T1Dapre	I	7	Dapre
I032	M	186	61	32	90	78	67	59	70.0	24	0	M24T0Dapre	I	9	Dapre
I033	M	188	80	41	96	86	87	56	70.0	07	0	M07T0Dapre	I	7	Dapre
I034	M	186	102	54	102	87	116	74	70.0	05	1	M05T1Dapre	I	4	Dapre
I035	M	177	61	32	88	79	68	60	70.0	24	1	M24T1Dapre	I	9	Dapre
I036	M	159	74	37	95	77	85	62	70.0	07	1	M07T1Dapre	I	7	Dapre
I037	F	217	84	44	118	62	99	63	70.0	29	2	F29T2Dapre	I	5	Dapre
I038	M	242	72	38	102	60	95	74	70.0	18	2	M18T2Dapre	I	5	Dapre
I039	F	128	87	46	117	62	105	51	70.0	21	2	F21T2Dapre	I	4	Dapre
I040	M	174	125	67	113	126	97	67	70.0	06	2	M06T2Dapre	I	7	Dapre
I041	M	173	69	35	89	80	80	68	70.0	06	0	M06T0Dapre	I	6	Dapre
I042	M	145	74	41	110	49	107	69	70.0	28	1	M28T1Dapre	I	4	Dapre
I043	M	212	50	26	82	73	58	85	70.0	16	0	M16T0Dapre	I	7	Dapre
I044	M	246	62	32	83	82	71	83	70.0	14	0	M14T0Dapre	I	8	Dapre
I045	M	168	79	42	86	65	120	70	70.0	05	2	M05T2Dapre	I	2	Dapre
I046	F	124	78	41	104	66	98	30	70.0	02	2	F02T2Dapre	I	3	Dapre
I047	F	232	90	49	116	71	101	79	70.0	19	2	F19T2Dapre	I	7	Dapre
I048	F	216	100	55	111	93	96	60	70.0	25	0	F25T0Dapre	I	8	Dapre
I049	M	184	83	43	89	87	98	78	70.0	16	1	M16T1Dapre	I	7	Dapre
I050	M	156	110	60	109	95	112	60	69.9	07	2	M07T2Dapre	I	6	Dapre
I051	M	163	59	31	81	92	60	54	70.0	26	0	M26T0Dapre	I	7	Dapre
I052	M	230	48	25	81	49	79	74	70.0	20	0	M20T0Dapre	I	6	Dapre
I053	M	173	48	25	76	62	69	67	70.0	28	0	M28T0Dapre	I	6	Dapre
I054	M	243	68	36	77	86	84	74	70.0	14	1	M14T1Dapre	I	9	Dapre
I055	F	228	104	55	121	78	110	80	70.0	21	0	F21T0Dapre	I	5	Dapre
I056	F	207	82	44	97	58	123	80	70.0	01	1	F01T1Dapre	I	4	Dapre
I057	M	213	70	36	91	77	84	73	70.0	05	0	M05T0Dapre	I	6	Dapre
I058	F	208	104	55	110	105	92	58	70.0	02	0	F02T0Dapre	I	8	Dapre
I059	M	236	59	31	76	78	76	91	70.0	17	1	M17T1Dapre	I	7	Dapre
I060	F	199	168	91	124	148	118	63	69.9	03	2	F03T2Dapre	I	6	Dapre
I061	M	207	67	36	86	77	82	67	70.0	14	2	M14T2Dapre	I	8	Dapre
I062	F	212	102	54	131	87	89	65	70.0	09	1	F09T1Dapre	I	6	Dapre
I063	F	117	83	44	103	64	109	45	70.0	01	2	F01T2Dapre	I	4	Dapre
I064	F	219	92	48	123	76	92	62	70.0	09	2	F09T2Dapre	I	6	Dapre
I065	F	204	72	40	102	56	102	57	69.7	11	1	F11T1Dapre	I	5	Dapre
I066	M	186	60	32	88	72	73	62	70.0	24	2	M24T2Dapre	I	7	Dapre
I067	F	228	90	47	119	71	97	64	70.0	29	1	F29T1Dapre	I	6	Dapre
I068	F	186	93	51	112	86	92	56	69.6	13	0	F13T0Dapre	I	6	Dapre
I069	F	213	90	48	119	84	84	68	70.0	04	0	F04T0Dapre	I	6	Dapre
I070	F	253	86	46	118	73	91	71	70.0	19	0	F19T0Dapre	I	7	Dapre
I071	M	182	94	49	96	113	84	59	70.0	26	2	M26T2Dapre	I	8	Dapre
I072	F	186	92	48	116	108	66	69	70.0	03	1	F03T1Dapre	I	6	Dapre
I073	M	170	74	39	99	91	69	59	70.0	30	0	M30T0Dapre	I	8	Dapre
I074	M	156	118	62	107	103	115	58	70.0	30	1	M30T1Dapre	I	3	Dapre
I075	M	176	64	32	89	83	68	56	70.0	23	0	M23T0Dapre	I	4	Dapre
I076	M	180	96	51	97	95	102	56	70.0	30	2	M30T2Dapre	I	4	Dapre
I077	M	227	86	45	104	70	105	77	70.0	18	1	M18T1Dapre	I	3	Dapre
I078	M	249	46	24	76	58	69	83	70.0	20	1	M20T1Dapre	I	3	Dapre
I079	M	124	105	54	95	112	100	43	70.0	17	2	M17T2Dapre	I	3	Dapre
I080	M	202	58	31	68	94	68	58	70.0	12	0	M12T0Dapre	I	9	Dapre
I081	F	114	77	39	96	60	111	28	70.0	25	2	F25T2Dapre	I	2	Dapre
I082	M	214	66	34	87	89	68	83	70.0	17	0	M17T0Dapre	I	6	Dapre
I083	M	164	114	59	110	99	112	60	70.0	23	2	M23T2Dapre	I	6	Dapre
I084	F	228	98	54	119	92	88	84	70.0	19	1	F19T1Dapre	I	9	Dapre
I085	F	155	98	51	131	81	89	55	70.0	10	2	F10T2Dapre	I	6	Dapre
I086	F	177	135	72	118	129	102	55	70.0	13	2	F13T2Dapre	I	8	Dapre
J001	M	163	59	31	81	92	60	54	70.0	26	0	M26T0Dapre	J	6	Dapre
J002	F	108	138	78	109	141	104	32	69.9	08	2	F08T2Dapre	J	6	Dapre
J003	F	114	77	39	96	60	111	28	70.0	25	2	F25T2Dapre	J	4	Dapre
J004	F	180	100	53	118	87	97	55	70.0	10	0	F10T0Dapre	J	8	Dapre
J005	M	176	64	32	89	83	68	56	70.0	23	0	M23T0Dapre	J	5	Dapre
J006	F	177	135	72	118	129	102	55	70.0	13	2	F13T2Dapre	J	10	Dapre
J007	M	249	46	24	76	58	69	83	70.0	20	1	M20T1Dapre	J	10	Dapre
J008	M	227	86	45	104	70	105	77	70.0	18	1	M18T1Dapre	J	7	Dapre
J009	M	115	86	46	108	70	102	69	70.0	15	1	M15T1Dapre	J	6	Dapre
J010	M	162	53	29	69	86	64	54	69.9	26	1	M26T1Dapre	J	8	Dapre
J011	F	232	90	49	116	71	101	79	70.0	19	2	F19T2Dapre	J	9	Dapre
J012	M	180	42	24	62	54	80	63	70.0	12	1	M12T1Dapre	J	5	Dapre
J013	M	173	69	35	89	80	80	68	70.0	06	0	M06T0Dapre	J	7	Dapre
J014	M	186	61	32	90	78	67	59	70.0	24	0	M24T0Dapre	J	10	Dapre
J015	M	197	82	41	86	98	88	62	70.0	27	0	M27T0Dapre	J	7	Dapre
J016	M	214	66	34	87	89	68	83	70.0	17	0	M17T0Dapre	J	8	Dapre
J017	F	208	104	55	110	105	92	58	70.0	02	0	F02T0Dapre	J	9	Dapre
J018	M	202	58	31	68	94	68	58	70.0	12	0	M12T0Dapre	J	8	Dapre
J019	F	192	77	40	94	65	105	55	70.0	25	1	F25T1Dapre	J	5	Dapre
J020	M	246	62	32	83	82	71	83	70.0	14	0	M14T0Dapre	J	10	Dapre
J021	M	218	39	22	64	48	78	66	70.0	12	2	M12T2Dapre	J	4	Dapre
J022	M	156	118	62	107	103	115	58	70.0	30	1	M30T1Dapre	J	4	Dapre
J023	M	170	74	39	99	91	69	59	70.0	30	0	M30T0Dapre	J	6	Dapre
J024	M	159	74	37	95	77	85	62	70.0	07	1	M07T1Dapre	J	5	Dapre
J025	M	164	114	59	110	99	112	60	70.0	23	2	M23T2Dapre	J	2	Dapre
J026	F	213	90	48	119	84	84	68	70.0	04	0	F04T0Dapre	J	4	Dapre
J027	M	230	48	25	81	49	79	74	70.0	20	0	M20T0Dapre	J	4	Dapre
J028	M	200	71	37	88	84	81	60	70.0	27	1	M27T1Dapre	J	5	Dapre
J029	F	228	104	55	121	78	110	80	70.0	21	0	F21T0Dapre	J	3	Dapre
J030	F	199	168	91	124	148	118	63	69.9	03	2	F03T2Dapre	J	3	Dapre
J031	F	235	62	33	107	55	79	65	70.0	08	1	F08T1Dapre	J	4	Dapre
J032	F	219	92	48	123	76	92	62	70.0	09	2	F09T2Dapre	J	5	Dapre
J033	M	236	53	28	78	53	89	89	70.0	20	2	M20T2Dapre	J	3	Dapre
J034	F	191	78	42	106	101	62	80	70.0	01	0	F01T0Dapre	J	6	Dapre
J035	M	176	96	52	101	88	105	67	70.0	28	2	M28T2Dapre	J	3	Dapre
J036	F	186	92	48	116	108	66	69	70.0	03	1	F03T1Dapre	J	7	Dapre
J037	F	197	84	44	113	76	88	59	70.0	22	2	F22T2Dapre	J	4	Dapre
J038	F	207	82	44	97	58	123	80	70.0	01	1	F01T1Dapre	J	3	Dapre
J039	M	160	77	39	95	85	82	65	70.0	06	1	M06T1Dapre	J	4	Dapre
J040	M	163	104	54	105	85	117	64	70.0	23	1	M23T1Dapre	J	4	Dapre
J041	F	220	96	51	116	94	85	87	70.0	04	2	F04T2Dapre	J	5	Dapre
J042	F	228	90	47	119	71	97	64	70.0	29	1	F29T1Dapre	J	4	Dapre
J043	F	155	98	51	131	81	89	55	70.0	10	2	F10T2Dapre	J	4	Dapre
J044	M	155	77	40	96	82	86	67	70.0	15	0	M15T0Dapre	J	4	Dapre
J045	M	173	48	25	76	62	69	67	70.0	28	0	M28T0Dapre	J	5	Dapre
J046	F	204	72	40	102	56	102	57	69.7	11	1	F11T1Dapre	J	4	Dapre
J047	M	236	59	31	76	78	76	91	70.0	17	1	M17T1Dapre	J	7	Dapre
J048	M	188	69	37	87	87	74	59	62.9	27	2	M27T2Dapre	J	6	Dapre
J049	F	210	106	56	128	90	93	65	70.0	09	0	F09T0Dapre	J	6	Dapre
J050	M	177	61	32	88	79	68	60	70.0	24	1	M24T1Dapre	J	8	Dapre
J051	M	180	96	51	97	95	102	56	70.0	30	2	M30T2Dapre	J	5	Dapre
J052	M	168	79	42	86	65	120	70	70.0	05	2	M05T2Dapre	J	2	Dapre
J053	F	128	87	46	117	62	105	51	70.0	21	2	F21T2Dapre	J	2	Dapre
J054	M	212	50	26	82	73	58	85	70.0	16	0	M16T0Dapre	J	7	Dapre
J055	M	169	47	25	87	45	77	77	70.0	16	2	M16T2Dapre	J	5	Dapre
J056	M	186	102	54	102	87	116	74	70.0	05	1	M05T1Dapre	J	1	Dapre
J057	F	217	84	44	118	62	99	63	70.0	29	2	F29T2Dapre	J	4	Dapre
J058	M	243	68	36	77	86	84	74	70.0	14	1	M14T1Dapre	J	9	Dapre
J059	M	207	67	36	86	77	82	67	70.0	14	2	M14T2Dapre	J	9	Dapre
J060	M	156	110	60	109	95	112	60	69.9	07	2	M07T2Dapre	J	3	Dapre
J061	F	216	93	49	110	98	82	65	70.0	03	0	F03T0Dapre	J	5	Dapre
J062	F	197	94	50	105	103	84	59	70.0	11	0	F11T0Dapre	J	5	Dapre
J063	M	242	72	38	102	60	95	74	70.0	18	2	M18T2Dapre	J	4	Dapre
J064	M	213	70	36	91	77	84	73	70.0	05	0	M05T0Dapre	J	4	Dapre
J065	M	186	60	32	88	72	73	62	70.0	24	2	M24T2Dapre	J	7	Dapre
J066	M	188	80	41	96	86	87	56	70.0	07	0	M07T0Dapre	J	4	Dapre
J067	M	124	105	54	95	112	100	43	70.0	17	2	M17T2Dapre	J	2	Dapre
J068	M	133	75	40	98	73	89	70	70.0	15	2	M15T2Dapre	J	5	Dapre
J069	F	169	91	47	127	75	88	55	70.0	10	1	F10T1Dapre	J	4	Dapre
J070	M	145	74	41	110	49	107	69	70.0	28	1	M28T1Dapre	J	3	Dapre
J071	M	174	125	67	113	126	97	67	70.0	06	2	M06T2Dapre	J	4	Dapre
J072	F	230	101	54	123	89	91	60	70.0	29	0	F29T0Dapre	J	4	Dapre
J073	F	216	100	55	111	93	96	60	70.0	25	0	F25T0Dapre	J	5	Dapre
J074	F	228	98	54	119	92	88	84	70.0	19	1	F19T1Dapre	J	6	Dapre
J075	F	124	78	41	104	66	98	30	70.0	02	2	F02T2Dapre	J	4	Dapre
J076	F	181	77	41	108	64	93	57	70.0	13	1	F13T1Dapre	J	5	Dapre
J077	F	210	90	48	100	97	89	63	70.0	22	0	F22T0Dapre	J	7	Dapre
J078	F	236	90	49	114	93	80	70	70.0	08	0	F08T0Dapre	J	6	Dapre
J079	F	215	68	37	103	51	98	59	70.0	11	2	F11T2Dapre	J	4	Dapre
J080	F	186	93	51	112	86	92	56	69.6	13	0	F13T0Dapre	J	6	Dapre
J081	F	212	102	54	131	87	89	65	70.0	09	1	F09T1Dapre	J	5	Dapre
J082	F	253	86	46	118	73	91	71	70.0	19	0	F19T0Dapre	J	6	Dapre
J083	F	117	83	44	103	64	109	45	70.0	01	2	F01T2Dapre	J	1	Dapre
J084	M	182	94	49	96	113	84	59	70.0	26	2	M26T2Dapre	J	5	Dapre
J085	M	184	83	43	89	87	98	78	70.0	16	1	M16T1Dapre	J	4	Dapre
J086	M	232	77	42	99	95	71	72	69.8	18	0	M18T0Dapre	J	6	Dapre
K001	M	176	96	52	101	88	105	67	70.0	28	2	M28T2Dapre	K	10	Dapre
K002	F	215	68	37	103	51	98	59	70.0	11	2	F11T2Dapre	K	8	Dapre
K003	M	155	77	40	96	82	86	67	70.0	15	0	M15T0Dapre	K	9	Dapre
K004	F	207	82	44	97	58	123	80	70.0	01	1	F01T1Dapre	K	8	Dapre
K005	F	128	87	46	117	62	105	51	70.0	21	2	F21T2Dapre	K	6	Dapre
K006	F	228	98	54	119	92	88	84	70.0	19	1	F19T1Dapre	K	10	Dapre
K007	F	253	86	46	118	73	91	71	70.0	19	0	F19T0Dapre	K	10	Dapre
K008	M	184	83	43	89	87	98	78	70.0	16	1	M16T1Dapre	K	9	Dapre
K009	M	246	62	32	83	82	71	83	70.0	14	0	M14T0Dapre	K	9	Dapre
K010	M	214	66	34	87	89	68	83	70.0	17	0	M17T0Dapre	K	8	Dapre
K011	F	220	96	51	116	94	85	87	70.0	04	2	F04T2Dapre	K	10	Dapre
K012	F	177	135	72	118	129	102	55	70.0	13	2	F13T2Dapre	K	10	Dapre
K013	F	197	94	50	105	103	84	59	70.0	11	0	F11T0Dapre	K	10	Dapre
K014	M	249	46	24	76	58	69	83	70.0	20	1	M20T1Dapre	K	7	Dapre
K015	M	156	110	60	109	95	112	60	69.9	07	2	M07T2Dapre	K	9	Dapre
K016	F	114	77	39	96	60	111	28	70.0	25	2	F25T2Dapre	K	4	Dapre
K017	M	242	72	38	102	60	95	74	70.0	18	2	M18T2Dapre	K	6	Dapre
K018	M	227	86	45	104	70	105	77	70.0	18	1	M18T1Dapre	K	9	Dapre
K019	F	232	90	49	116	71	101	79	70.0	19	2	F19T2Dapre	K	9	Dapre
K020	M	169	47	25	87	45	77	77	70.0	16	2	M16T2Dapre	K	4	Dapre
K021	M	236	59	31	76	78	76	91	70.0	17	1	M17T1Dapre	K	7	Dapre
K022	M	180	42	24	62	54	80	63	70.0	12	1	M12T1Dapre	K	2	Dapre
K023	M	218	39	22	64	48	78	66	70.0	12	2	M12T2Dapre	K	2	Dapre
K024	F	210	90	48	100	97	89	63	70.0	22	0	F22T0Dapre	K	9	Dapre
K025	M	202	58	31	68	94	68	58	70.0	12	0	M12T0Dapre	K	6	Dapre
K026	M	174	125	67	113	126	97	67	70.0	06	2	M06T2Dapre	K	10	Dapre
K027	F	180	100	53	118	87	97	55	70.0	10	0	F10T0Dapre	K	9	Dapre
K028	M	188	69	37	87	87	74	59	62.9	27	2	M27T2Dapre	K	9	Dapre
K029	M	133	75	40	98	73	89	70	70.0	15	2	M15T2Dapre	K	9	Dapre
K030	M	115	86	46	108	70	102	69	70.0	15	1	M15T1Dapre	K	7	Dapre
K031	M	124	105	54	95	112	100	43	70.0	17	2	M17T2Dapre	K	9	Dapre
K032	F	204	72	40	102	56	102	57	69.7	11	1	F11T1Dapre	K	7	Dapre
K033	M	163	59	31	81	92	60	54	70.0	26	0	M26T0Dapre	K	6	Dapre
K034	F	212	102	54	131	87	89	65	70.0	09	1	F09T1Dapre	K	10	Dapre
K035	F	236	90	49	114	93	80	70	70.0	08	0	F08T0Dapre	K	9	Dapre
K036	F	186	93	51	112	86	92	56	69.6	13	0	F13T0Dapre	K	9	Dapre
K037	M	212	50	26	82	73	58	85	70.0	16	0	M16T0Dapre	K	6	Dapre
K038	M	176	64	32	89	83	68	56	70.0	23	0	M23T0Dapre	K	6	Dapre
K039	M	182	94	49	96	113	84	59	70.0	26	2	M26T2Dapre	K	9	Dapre
K040	F	197	84	44	113	76	88	59	70.0	22	2	F22T2Dapre	K	7	Dapre
K041	M	163	104	54	105	85	117	64	70.0	23	1	M23T1Dapre	K	9	Dapre
K042	F	117	83	44	103	64	109	45	70.0	01	2	F01T2Dapre	K	3	Dapre
K043	F	219	92	48	123	76	92	62	70.0	09	2	F09T2Dapre	K	9	Dapre
K044	F	230	101	54	123	89	91	60	70.0	29	0	F29T0Dapre	K	10	Dapre
K045	F	235	62	33	107	55	79	65	70.0	08	1	F08T1Dapre	K	5	Dapre
K046	M	200	71	37	88	84	81	60	70.0	27	1	M27T1Dapre	K	8	Dapre
K047	F	216	100	55	111	93	96	60	70.0	25	0	F25T0Dapre	K	10	Dapre
K048	M	243	68	36	77	86	84	74	70.0	14	1	M14T1Dapre	K	10	Dapre
K049	F	169	91	47	127	75	88	55	70.0	10	1	F10T1Dapre	K	9	Dapre
K050	F	210	106	56	128	90	93	65	70.0	09	0	F09T0Dapre	K	10	Dapre
K051	M	145	74	41	110	49	107	69	70.0	28	1	M28T1Dapre	K	2	Dapre
K052	M	170	74	39	99	91	69	59	70.0	30	0	M30T0Dapre	K	8	Dapre
K053	M	197	82	41	86	98	88	62	70.0	27	0	M27T0Dapre	K	5	Dapre
K054	M	230	48	25	81	49	79	74	70.0	20	0	M20T0Dapre	K	2	Dapre
K055	M	160	77	39	95	85	82	65	70.0	06	1	M06T1Dapre	K	9	Dapre
K056	M	180	96	51	97	95	102	56	70.0	30	2	M30T2Dapre	K	10	Dapre
K057	M	173	69	35	89	80	80	68	70.0	06	0	M06T0Dapre	K	9	Dapre
K058	F	199	168	91	124	148	118	63	69.9	03	2	F03T2Dapre	K	10	Dapre
K059	M	186	60	32	88	72	73	62	70.0	24	2	M24T2Dapre	K	8	Dapre
K060	F	108	138	78	109	141	104	32	69.9	08	2	F08T2Dapre	K	8	Dapre
K061	F	124	78	41	104	66	98	30	70.0	02	2	F02T2Dapre	K	5	Dapre
K062	F	228	104	55	121	78	110	80	70.0	21	0	F21T0Dapre	K	6	Dapre
K063	F	192	77	40	94	65	105	55	70.0	25	1	F25T1Dapre	K	6	Dapre
K064	M	168	79	42	86	65	120	70	70.0	05	2	M05T2Dapre	K	2	Dapre
K065	F	228	90	47	119	71	97	64	70.0	29	1	F29T1Dapre	K	7	Dapre
K066	F	191	78	42	106	101	62	80	70.0	01	0	F01T0Dapre	K	5	Dapre
K067	M	164	114	59	110	99	112	60	70.0	23	2	M23T2Dapre	K	10	Dapre
K068	M	213	70	36	91	77	84	73	70.0	05	0	M05T0Dapre	K	8	Dapre
K069	F	208	104	55	110	105	92	58	70.0	02	0	F02T0Dapre	K	10	Dapre
K070	M	177	61	32	88	79	68	60	70.0	24	1	M24T1Dapre	K	6	Dapre
K071	M	186	61	32	90	78	67	59	70.0	24	0	M24T0Dapre	K	7	Dapre
K072	M	236	53	28	78	53	89	89	70.0	20	2	M20T2Dapre	K	2	Dapre
K073	M	162	53	29	69	86	64	54	69.9	26	1	M26T1Dapre	K	6	Dapre
K074	M	159	74	37	95	77	85	62	70.0	07	1	M07T1Dapre	K	6	Dapre
K075	F	181	77	41	108	64	93	57	70.0	13	1	F13T1Dapre	K	8	Dapre
K076	F	213	90	48	119	84	84	68	70.0	04	0	F04T0Dapre	K	10	Dapre
K077	M	156	118	62	107	103	115	58	70.0	30	1	M30T1Dapre	K	10	Dapre
K078	M	186	102	54	102	87	116	74	70.0	05	1	M05T1Dapre	K	10	Dapre
K079	F	217	84	44	118	62	99	63	70.0	29	2	F29T2Dapre	K	5	Dapre
K080	M	188	80	41	96	86	87	56	70.0	07	0	M07T0Dapre	K	10	Dapre
K081	F	216	93	49	110	98	82	65	70.0	03	0	F03T0Dapre	K	10	Dapre
K082	M	207	67	36	86	77	82	67	70.0	14	2	M14T2Dapre	K	10	Dapre
K083	F	186	92	48	116	108	66	69	70.0	03	1	F03T1Dapre	K	10	Dapre
K084	M	173	48	25	76	62	69	67	70.0	28	0	M28T0Dapre	K	7	Dapre
K085	F	155	98	51	131	81	89	55	70.0	10	2	F10T2Dapre	K	10	Dapre
K086	M	232	77	42	99	95	71	72	69.8	18	0	M18T0Dapre	K	7	Dapre
