Name	Speaker	Age	SessionNum	Session	Style	Num	Sex	N	Area2	Area1	i.dist	u.dist	a.dist	VTL	Duration	Intensity	Formant
F20N1FR1	N	20	1	F	R	1	F	151	91.6	46.9	88.6	97.0	101.6	15.64	63	69.6	Robust
F20N1FR21	N	20	1	F	R	21	F	50	76.6	40.4	80.2	81.8	101.5	15.49	25	70.0	Robust
F20N1FR210	N	20	1	F	R	210	F	78	85.4	46.2	86.4	90.7	100.5	15.47	27	70.0	Robust
F20N1FR211	N	20	1	F	R	211	F	110	70.3	37.4	91.4	63.4	98.8	15.62	34	71.0	Robust
F20N1FR22	N	20	1	F	R	22	F	50	74.2	38.4	73.2	83.1	103.5	15.81	22	70.1	Robust
F20N1FR23	N	20	1	F	R	23	F	60	72.7	38.1	87.6	80.1	88.3	15.56	24	69.6	Robust
F20N1FR24	N	20	1	F	R	24	F	51	81.0	40.7	103.9	71.5	96.2	15.68	21	69.7	Robust
F20N1FR25	N	20	1	F	R	25	F	33	96.2	51.2	101.7	86.2	106.9	15.38	20	67.4	Robust
F20N1FR26	N	20	1	F	R	26	F	41	103.1	55.7	109.6	87.8	107.9	15.72	21	69.6	Robust
F20N1FR27	N	20	1	F	R	27	F	51	73.9	39.8	101.9	65.0	93.2	15.65	26	67.9	Robust
F20N1FR28	N	20	1	F	R	28	F	53	73.5	38.2	81.6	72.0	105.2	15.51	23	70.1	Robust
F20N1FR29	N	20	1	F	R	29	F	58	99.2	51.4	100.7	80.0	120.2	15.60	26	68.9	Robust
F20N1FS1	N	20	1	F	S	1	F	84	69.5	35.6	98.0	63.4	90.8	15.66	30	67.8	Robust
F20N1FS10	N	20	1	F	S	10	F	79	81.1	42.9	95.0	76.8	99.2	15.64	31	69.0	Robust
F20N1FS11	N	20	1	F	S	11	F	90	71.1	38.1	97.4	70.7	86.0	15.59	35	68.9	Robust
F20N1FS12	N	20	1	F	S	12	F	88	78.7	41.2	98.3	74.2	94.5	15.56	33	70.0	Robust
F20N1FS2	N	20	1	F	S	2	F	73	78.9	41.7	95.5	70.7	101.8	15.47	29	67.6	Robust
F20N1FS3	N	20	1	F	S	3	F	72	83.9	44.8	95.1	76.5	104.4	15.65	31	68.7	Robust
F20N1FS4	N	20	1	F	S	4	F	60	86.5	45.8	107.1	91.3	81.6	15.67	30	68.3	Robust
F20N1FS5	N	20	1	F	S	5	F	91	84.0	44.2	96.9	76.5	102.4	15.69	30	69.4	Robust
F20N1FS6	N	20	1	F	S	6	F	78	79.5	42.0	95.7	71.5	101.7	15.72	32	68.0	Robust
F20N1FS7	N	20	1	F	S	7	F	70	76.2	40.4	81.4	77.4	104.3	15.74	29	68.6	Robust
F20N1FS8	N	20	1	F	S	8	F	76	85.5	45.0	94.5	80.3	103.3	15.61	31	68.2	Robust
F20N1FS9	N	20	1	F	S	9	F	92	80.5	41.5	91.8	76.8	101.5	15.70	35	69.1	Robust
F20N1FT1	N	20	1	F	T	1	F	120	81.7	43.7	87.1	80.5	104.4	15.58	42	70.5	Robust
F20N1FT10	N	20	1	F	T	10	F	166	97.4	51.6	94.4	98.3	103.3	15.63	60	69.4	Robust
F20N1FT11	N	20	1	F	T	11	F	69	84.1	44.6	93.2	77.2	105.8	15.73	27	69.8	Robust
F20N1FT2	N	20	1	F	T	2	F	142	77.3	39.9	91.6	79.9	92.5	15.69	48	70.3	Robust
F20N1FT3	N	20	1	F	T	3	F	35	81.0	42.8	91.0	74.0	106.4	15.72	14	71.1	Robust
F20N1FT4	N	20	1	F	T	4	F	114	91.6	47.3	95.7	93.1	98.3	15.65	44	69.5	Robust
F20N1FT5	N	20	1	F	T	5	F	30	97.6	51.0	110.4	89.0	97.6	15.39	11	70.6	Robust
F20N1FT6	N	20	1	F	T	6	F	121	103.2	52.0	103.7	93.1	108.3	15.70	46	70.6	Robust
F20N1FT7	N	20	1	F	T	7	F	62	90.7	47.8	105.4	72.1	110.6	15.73	23	69.2	Robust
F20N1FT8	N	20	1	F	T	8	F	44	91.9	46.7	104.3	76.2	108.7	15.62	18	70.2	Robust
F20N1FT9	N	20	1	F	T	9	F	52	79.0	41.1	84.1	78.0	105.6	15.80	19	69.0	Robust
F20N1FW1	N	20	1	F	W	1	F	15	87.0	48.9	92.6	78.2	110.5	15.46	20	62.9	Robust
F20N1FW2	N	20	1	F	W	2	F	19	79.4	40.0	84.3	81.4	102.5	15.63	20	64.6	Robust
F20N1FW3	N	20	1	F	W	3	F	21	107.4	54.4	106.7	87.2	118.2	15.80	20	65.0	Robust
F20N1FW4	N	20	1	F	W	4	F	21	67.7	37.3	98.2	53.8	98.8	15.47	20	64.4	Robust
F20N1FW5	N	20	1	F	W	5	F	20	118.1	64.5	105.8	113.6	106.7	15.40	23	65.3	Robust
F20N1FW6	N	20	1	F	W	6	F	21	83.0	43.2	78.0	103.2	93.0	15.72	20	64.7	Robust
F20N1FW7	N	20	1	F	W	7	F	23	52.8	27.4	81.2	35.0	111.9	15.54	22	65.2	Robust
F20N1FW8	N	20	1	F	W	8	F	21	73.0	41.2	96.3	57.5	106.3	15.68	21	65.7	Robust
F20N1FW9	N	20	1	F	W	9	F	22	84.1	45.1	104.1	76.0	96.1	15.54	22	65.1	Robust
F20N1FY1	N	20	1	F	Y	1	F	8	91.8	47.0	80.0	84.7	126.0	15.33	20	63.5	Robust
F20N1FY2	N	20	1	F	Y	2	F	12	73.8	40.1	73.6	83.0	102.4	15.76	20	65.3	Robust
F20N1FY3	N	20	1	F	Y	3	F	13	97.1	51.5	105.9	85.1	105.3	15.50	21	64.6	Robust
F20N1FY4	N	20	1	F	Y	4	F	14	100.6	54.2	82.0	106.5	113.8	15.70	20	67.4	Robust
F20N1FY5	N	20	1	F	Y	5	F	15	78.4	43.7	105.9	82.4	78.5	15.58	21	65.2	Robust
F20N1FY6	N	20	1	F	Y	6	F	13	88.7	48.0	100.4	95.1	87.2	15.84	20	66.0	Robust
F20N1FY7	N	20	1	F	Y	7	F	14	118.6	66.1	87.4	118.7	122.3	15.71	20	65.6	Robust
F20N1FY8	N	20	1	F	Y	8	F	14	114.5	62.0	111.8	106.7	102.6	15.79	20	65.3	Robust
F20N1FY9	N	20	1	F	Y	9	F	18	98.0	53.5	98.6	83.8	115.8	15.74	22	65.5	Robust
F20N1VI1	N	20	1	V	I	1	F	49	77.2	40.4	94.5	67.7	103.3	15.95	16	66.2	Robust
F20N1VI10	N	20	1	V	I	10	F	68	94.5	48.7	87.7	99.2	105.2	15.76	31	67.7	Robust
F20N1VI11	N	20	1	V	I	11	F	129	72.2	38.4	87.9	63.9	105.7	15.80	45	71.6	Robust
F20N1VI12	N	20	1	V	I	12	F	106	81.6	42.1	96.1	74.3	101.6	15.85	38	72.2	Robust
F20N1VI13	N	20	1	V	I	13	F	92	74.0	37.7	88.5	68.6	102.8	15.72	33	71.3	Robust
F20N1VI14	N	20	1	V	I	14	F	26	75.3	42.2	87.7	97.0	76.2	15.66	12	69.6	Robust
F20N1VI15	N	20	1	V	I	15	F	50	72.3	38.8	88.3	66.5	102.1	15.79	19	71.0	Robust
F20N1VI16	N	20	1	V	I	16	F	87	54.9	28.3	82.2	52.0	90.8	15.72	33	70.4	Robust
F20N1VI17	N	20	1	V	I	17	F	114	69.3	35.5	86.0	61.7	104.9	15.97	40	72.0	Robust
F20N1VI18	N	20	1	V	I	18	F	87	70.4	35.7	83.9	62.6	108.3	15.83	29	72.3	Robust
F20N1VI19	N	20	1	V	I	19	F	61	62.6	33.4	85.8	50.8	105.5	15.88	24	71.6	Robust
F20N1VI2	N	20	1	V	I	2	F	89	70.6	36.6	84.5	72.3	96.0	15.80	31	67.3	Robust
F20N1VI20	N	20	1	V	I	20	F	54	64.4	32.9	78.8	62.3	102.3	15.96	23	70.1	Robust
F20N1VI21	N	20	1	V	I	21	F	121	73.8	38.8	94.7	65.5	99.6	15.69	45	70.5	Robust
F20N1VI22	N	20	1	V	I	22	F	82	75.2	37.8	95.6	69.6	96.2	15.70	33	71.2	Robust
F20N1VI23	N	20	1	V	I	23	F	36	57.8	31.9	78.0	50.3	104.6	15.69	12	70.6	Robust
F20N1VI24	N	20	1	V	I	24	F	62	81.7	42.1	79.9	75.8	118.4	15.81	25	69.4	Robust
F20N1VI25	N	20	1	V	I	25	F	88	76.0	39.1	86.7	70.6	106.0	15.93	39	69.5	Robust
F20N1VI26	N	20	1	V	I	26	F	69	66.7	35.5	102.7	52.9	93.7	15.76	25	69.8	Robust
F20N1VI3	N	20	1	V	I	3	F	83	66.8	35.9	91.6	55.5	101.8	15.91	28	68.6	Robust
F20N1VI4	N	20	1	V	I	4	F	61	59.2	31.7	85.4	48.2	102.2	16.01	25	67.5	Robust
F20N1VI5	N	20	1	V	I	5	F	61	73.5	37.8	90.1	68.4	100.3	15.93	29	68.7	Robust
F20N1VI6	N	20	1	V	I	6	F	77	67.7	35.5	93.8	63.2	91.6	15.82	25	69.8	Robust
F20N1VI7	N	20	1	V	I	7	F	33	56.1	30.8	89.8	42.0	99.0	15.73	14	68.5	Robust
F20N1VI8	N	20	1	V	I	8	F	57	84.7	43.2	89.6	85.4	101.6	15.90	23	70.0	Robust
F20N1VI9	N	20	1	V	I	9	F	60	70.1	36.4	81.8	73.1	97.3	16.03	24	70.1	Robust
F20N2VS1	N	20	2	V	S	1	F	69	94.7	49.1	99.1	90.6	102.5	15.52	30	70.0	Robust
F20N2VS10	N	20	2	V	S	10	F	106	92.1	47.4	92.0	84.6	112.4	15.73	36	72.9	Robust
F20N2VS11	N	20	2	V	S	11	F	72	78.8	40.7	96.6	72.6	98.3	15.64	30	71.2	Robust
F20N2VS12	N	20	2	V	S	12	F	85	78.3	40.2	101.9	65.3	100.6	15.67	34	70.9	Robust
F20N2VS13	N	20	2	V	S	13	F	88	85.0	43.7	97.8	78.5	101.0	15.69	34	71.6	Robust
F20N2VS14	N	20	2	V	S	14	F	82	84.4	42.9	97.0	73.3	106.8	15.52	33	71.8	Robust
F20N2VS15	N	20	2	V	S	15	F	82	84.7	44.1	98.0	68.9	111.7	15.70	31	72.4	Robust
F20N2VS16	N	20	2	V	S	16	F	86	87.9	45.2	95.9	79.4	107.1	15.62	33	71.7	Robust
F20N2VS17	N	20	2	V	S	17	F	98	90.0	46.5	95.9	87.0	102.1	15.67	34	71.5	Robust
F20N2VS18	N	20	2	V	S	18	F	71	90.1	46.4	98.8	79.4	107.8	15.64	32	70.9	Robust
F20N2VS19	N	20	2	V	S	19	F	113	70.9	36.7	89.9	62.8	102.3	15.60	37	72.0	Robust
F20N2VS2	N	20	2	V	S	2	F	83	92.1	47.3	90.8	78.2	121.4	15.67	31	71.5	Robust
F20N2VS20	N	20	2	V	S	20	F	91	82.3	43.9	96.6	71.7	105.7	15.69	35	71.1	Robust
F20N2VS3	N	20	2	V	S	3	F	67	71.3	36.7	104.8	55.4	97.3	15.73	30	70.2	Robust
F20N2VS4	N	20	2	V	S	4	F	83	82.0	42.6	96.1	71.1	106.3	15.76	29	71.6	Robust
F20N2VS5	N	20	2	V	S	5	F	78	98.8	51.9	101.8	80.6	117.5	15.67	36	72.3	Robust
F20N2VS6	N	20	2	V	S	6	F	92	78.3	41.6	96.1	65.4	106.6	15.69	34	72.3	Robust
F20N2VS7	N	20	2	V	S	7	F	86	83.6	44.1	101.2	76.7	97.3	15.69	32	72.4	Robust
F20N2VS8	N	20	2	V	S	8	F	72	98.0	52.6	98.4	96.5	102.1	15.58	31	70.8	Robust
F20N2VS9	N	20	2	V	S	9	F	81	91.1	47.6	97.4	83.5	106.0	15.72	32	72.3	Robust
F20N2VT1	N	20	2	V	T	1	F	44	93.9	51.2	98.4	69.7	126.7	15.51	15	72.3	Robust
F20N2VT10	N	20	2	V	T	10	F	57	86.1	44.4	101.3	86.2	91.2	15.64	20	70.7	Robust
F20N2VT11	N	20	2	V	T	11	F	103	80.3	42.4	99.3	64.1	108.4	15.61	35	71.8	Robust
F20N2VT12	N	20	2	V	T	12	F	94	97.4	51.1	103.1	87.9	105.5	15.76	31	72.2	Robust
F20N2VT13	N	20	2	V	T	13	F	78	88.5	44.7	98.8	84.6	99.3	15.69	26	72.3	Robust
F20N2VT14	N	20	2	V	T	14	F	30	82.5	44.5	87.7	99.8	85.2	15.56	12	70.7	Robust
F20N2VT15	N	20	2	V	T	15	F	45	80.3	43.6	95.8	70.1	104.6	15.72	16	71.0	Robust
F20N2VT16	N	20	2	V	T	16	F	78	91.9	45.8	94.8	87.7	105.6	15.73	24	70.6	Robust
F20N2VT17	N	20	2	V	T	17	F	105	84.7	44.4	91.2	87.1	98.1	15.81	35	71.6	Robust
F20N2VT18	N	20	2	V	T	18	F	78	72.9	38.2	85.6	71.8	100.0	15.66	25	72.7	Robust
F20N2VT19	N	20	2	V	T	19	F	63	76.2	38.1	91.7	70.7	100.9	15.75	20	72.6	Robust
F20N2VT2	N	20	2	V	T	2	F	71	82.4	42.6	98.2	77.7	97.1	15.62	23	70.9	Robust
F20N2VT20	N	20	2	V	T	20	F	46	78.2	40.2	92.2	83.6	89.7	15.65	18	73.1	Robust
F20N2VT21	N	20	2	V	T	21	F	98	98.9	51.7	104.9	89.6	104.3	15.66	32	72.2	Robust
F20N2VT22	N	20	2	V	T	22	F	70	72.7	36.8	93.7	71.2	91.8	15.63	24	71.9	Robust
F20N2VT23	N	20	2	V	T	23	F	35	71.5	37.7	100.1	58.8	98.0	15.62	11	72.4	Robust
F20N2VT24	N	20	2	V	T	24	F	59	88.5	45.5	92.2	83.6	107.2	15.69	21	71.8	Robust
F20N2VT25	N	20	2	V	T	25	F	72	85.1	43.4	98.2	90.8	87.9	15.81	27	72.0	Robust
F20N2VT26	N	20	2	V	T	26	F	65	92.0	49.1	95.5	89.7	102.7	15.71	21	72.5	Robust
F20N2VT3	N	20	2	V	T	3	F	65	82.6	44.1	99.4	71.9	102.8	15.54	23	70.2	Robust
F20N2VT4	N	20	2	V	T	4	F	63	92.3	48.8	94.6	78.8	116.7	15.72	20	70.6	Robust
F20N2VT5	N	20	2	V	T	5	F	57	85.1	45.3	91.1	85.5	100.5	15.63	21	70.6	Robust
F20N2VT6	N	20	2	V	T	6	F	63	82.2	42.1	102.5	80.3	89.9	15.76	20	71.2	Robust
F20N2VT7	N	20	2	V	T	7	F	27	82.3	44.3	84.0	86.9	101.7	15.54	10	70.4	Robust
F20N2VT8	N	20	2	V	T	8	F	42	80.1	41.7	101.8	68.0	100.7	15.57	15	71.1	Robust
F20N2VT9	N	20	2	V	T	9	F	53	81.9	41.6	85.9	83.5	102.6	15.78	20	70.3	Robust
F20N2VW1	N	20	2	V	W	1	F	24	82.4	42.1	99.3	71.4	103.3	15.64	21	66.5	Robust
F20N2VW10	N	20	2	V	W	10	F	18	96.5	55.7	96.2	97.4	101.1	15.54	20	65.1	Robust
F20N2VW11	N	20	2	V	W	11	F	20	73.2	40.1	90.4	65.6	102.9	15.67	19	64.6	Robust
F20N2VW2	N	20	2	V	W	2	F	19	88.6	47.4	103.0	67.5	115.1	15.58	22	66.3	Robust
F20N2VW3	N	20	2	V	W	3	F	21	86.9	46.3	94.7	79.6	106.4	15.55	20	66.2	Robust
F20N2VW4	N	20	2	V	W	4	F	28	77.6	39.3	108.7	57.2	102.7	15.67	23	66.4	Robust
F20N2VW5	N	20	2	V	W	5	F	19	88.8	46.4	100.4	58.1	131.3	15.76	21	66.2	Robust
F20N2VW6	N	20	2	V	W	6	F	22	98.2	53.1	111.7	65.0	125.6	15.65	21	65.6	Robust
F20N2VW7	N	20	2	V	W	7	F	18	113.5	58.9	105.8	100.2	113.8	15.80	20	65.8	Robust
F20N2VW8	N	20	2	V	W	8	F	24	99.9	53.4	107.7	84.1	109.0	15.33	20	65.4	Robust
F20N2VW9	N	20	2	V	W	9	F	24	88.5	45.0	115.0	67.6	102.8	15.35	20	65.7	Robust
F20N2VY1	N	20	2	V	Y	1	F	10	98.0	53.4	108.7	90.1	98.7	15.38	20	64.4	Robust
F20N2VY10	N	20	2	V	Y	10	F	13	163.0	87.0	117.8	152.0	114.9	15.47	20	64.6	Robust
F20N2VY11	N	20	2	V	Y	11	F	12	130.0	73.3	133.1	110.3	99.9	15.65	21	65.2	Robust
F20N2VY12	N	20	2	V	Y	12	F	12	107.2	57.8	101.1	105.0	104.6	15.71	20	65.2	Robust
F20N2VY13	N	20	2	V	Y	13	F	12	402.3	195.7	100.5	-564.2	138.0	15.56	20	65.4	Robust
F20N2VY14	N	20	2	V	Y	14	F	14	119.6	65.0	111.3	75.4	147.2	15.51	20	65.8	Robust
F20N2VY15	N	20	2	V	Y	15	F	14	124.2	65.6	124.5	108.0	102.4	15.32	21	64.9	Robust
F20N2VY2	N	20	2	V	Y	2	F	12	197.8	102.8	110.1	170.3	144.8	15.46	20	63.8	Robust
F20N2VY3	N	20	2	V	Y	3	F	13	97.3	53.9	103.4	72.0	124.0	15.73	20	63.9	Robust
F20N2VY4	N	20	2	V	Y	4	M	22	96.1	51.8	97.7	92.1	104.4	16.28	20	68.9	Robust
F20N2VY5	N	20	2	V	Y	5	F	15	144.2	79.7	102.3	104.3	157.9	15.62	21	64.8	Robust
F20N2VY6	N	20	2	V	Y	6	F	12	106.1	57.4	109.3	111.2	89.2	15.70	20	65.7	Robust
F20N2VY7	N	20	2	V	Y	7	F	13	123.4	65.5	123.2	89.1	122.6	15.27	20	65.3	Robust
F20N2VY8	N	20	2	V	Y	8	F	12	90.5	46.0	70.1	104.1	114.0	15.78	20	64.1	Robust
F20N2VY9	N	20	2	V	Y	9	F	12	98.6	55.6	110.8	76.5	112.7	15.63	20	64.2	Robust
F24I1FR1	I	24	1	F	R	1	M	121	93.8	49.5	99.5	77.1	115.8	16.39	47	71.4	Robust
F24I1FR21	I	24	1	F	R	21	F	74	87.1	45.0	90.7	86.8	102.8	15.98	34	72.1	Robust
F24I1FR22	I	24	1	F	R	22	M	83	95.7	51.7	106.4	72.8	117.0	16.31	34	71.1	Robust
F24I1FR23	I	24	1	F	R	23	F	71	94.9	49.7	96.5	84.6	112.0	16.10	30	68.9	Robust
F24I1FR24	I	24	1	F	R	24	F	78	93.5	49.1	104.8	93.1	92.5	16.12	32	68.2	Robust
F24I1FR25	I	24	1	F	R	25	F	84	96.8	49.9	100.8	94.5	99.9	15.84	38	69.4	Robust
F24I1FR26	I	24	1	F	R	26	F	108	105.9	54.3	106.8	102.9	99.2	15.87	44	69.6	Robust
F24I1FR27	I	24	1	F	R	27	F	53	98.2	51.9	111.7	85.7	100.8	15.81	23	69.6	Robust
F24I1FS1	I	24	1	F	S	1	F	67	106.5	55.9	104.5	99.6	105.6	16.03	34	70.9	Robust
F24I1FS10	I	24	1	F	S	10	F	76	65.9	34.9	83.3	58.5	105.1	16.08	32	69.8	Robust
F24I1FS11	I	24	1	F	S	11	F	86	86.1	45.1	85.1	97.4	96.1	15.93	31	71.1	Robust
F24I1FS12	I	24	1	F	S	12	F	88	87.4	44.5	88.8	78.0	115.7	16.04	33	70.9	Robust
F24I1FS13	I	24	1	F	S	13	M	82	80.7	42.5	99.8	53.7	122.9	16.20	30	71.2	Robust
F24I1FS14	I	24	1	F	S	14	M	82	72.8	38.7	95.1	56.4	108.8	16.21	32	71.1	Robust
F24I1FS15	I	24	1	F	S	15	F	77	88.7	45.2	85.4	84.6	114.0	16.15	31	71.6	Robust
F24I1FS2	I	24	1	F	S	2	F	68	94.2	49.7	97.9	84.6	109.5	16.01	30	70.3	Robust
F24I1FS3	I	24	1	F	S	3	M	76	78.2	41.3	95.0	64.8	108.3	16.17	32	70.7	Robust
F24I1FS4	I	24	1	F	S	4	M	52	88.1	48.1	90.5	73.9	120.1	16.31	31	71.3	Robust
F24I1FS5	I	24	1	F	S	5	F	95	95.4	49.2	89.8	91.8	112.2	16.12	35	71.1	Robust
F24I1FS6	I	24	1	F	S	6	M	68	85.8	46.2	95.6	74.8	109.1	16.24	29	70.4	Robust
F24I1FS7	I	24	1	F	S	7	F	75	87.3	45.5	81.6	97.9	101.4	16.11	30	70.5	Robust
F24I1FS8	I	24	1	F	S	8	M	105	93.1	48.3	94.9	77.8	119.0	16.20	37	70.8	Robust
F24I1FS9	I	24	1	F	S	9	F	39	88.0	46.8	92.6	80.7	109.3	15.92	34	66.7	Robust
F24I1FT1	I	24	1	F	T	1	M	147	86.0	44.1	91.4	75.5	113.3	16.17	46	73.4	Robust
F24I1FT10	I	24	1	F	T	10	F	190	89.8	47.2	88.9	85.6	110.9	16.05	64	72.6	Robust
F24I1FT11	I	24	1	F	T	11	M	80	79.8	44.5	93.3	60.2	119.4	16.21	29	72.0	Robust
F24I1FT2	I	24	1	F	T	2	F	148	92.6	46.8	90.0	94.1	104.9	15.96	46	73.1	Robust
F24I1FT3	I	24	1	F	T	3	M	37	71.1	39.6	100.1	40.4	122.9	16.34	14	73.2	Robust
F24I1FT4	I	24	1	F	T	4	F	144	81.3	41.7	92.9	84.5	93.1	15.91	49	72.9	Robust
F24I1FT5	I	24	1	F	T	5	F	31	74.6	39.3	105.9	53.2	105.1	15.92	12	73.8	Robust
F24I1FT6	I	24	1	F	T	6	M	133	91.6	48.0	104.0	74.4	110.6	16.21	47	72.8	Robust
F24I1FT7	I	24	1	F	T	7	M	69	75.2	40.4	95.9	53.5	116.7	16.22	25	72.4	Robust
F24I1FT8	I	24	1	F	T	8	F	52	88.4	45.8	85.4	78.9	120.5	16.03	17	73.3	Robust
F24I1FT9	I	24	1	F	T	9	M	62	74.8	40.7	82.6	68.9	110.6	16.16	18	73.2	Robust
F24I1FW1	I	24	1	F	W	1	F	47	99.2	52.9	100.1	98.4	100.4	16.15	29	71.0	Robust
F24I1FW2	I	24	1	F	W	2	F	28	70.7	38.6	69.1	85.3	99.1	15.97	20	70.5	Robust
F24I1FW3	I	24	1	F	W	3	M	38	110.7	56.6	91.5	111.9	112.9	16.16	22	71.1	Robust
F24I1FW4	I	24	1	F	W	4	F	27	103.5	53.6	109.1	92.1	104.4	16.06	20	70.3	Robust
F24I1FW5	I	24	1	F	W	5	M	30	95.9	51.1	107.4	74.4	114.4	16.20	20	70.3	Robust
F24I1FY1	I	24	1	F	Y	1	M	27	82.5	44.7	94.7	66.1	115.0	16.58	24	69.3	Robust
F24I1FY2	I	24	1	F	Y	2	M	33	93.8	54.0	104.5	72.0	116.9	16.58	20	71.5	Robust
F24I1FY3	I	24	1	F	Y	3	M	27	110.0	59.4	107.9	83.2	125.8	16.29	24	70.6	Robust
F24I1FY4	I	24	1	F	Y	4	F	21	82.2	43.1	94.0	85.6	92.5	15.92	19	70.6	Robust
F24I1FY5	I	24	1	F	Y	5	M	26	97.6	54.1	100.4	82.2	115.2	16.31	21	71.2	Robust
F24I1FY6	I	24	1	F	Y	6	F	24	125.3	68.5	101.2	127.3	108.1	15.97	21	71.6	Robust
F24I1VI1	I	24	1	V	I	1	F	58	82.1	44.2	95.9	92.1	84.0	15.94	29	68.0	Robust
F24I1VI10	I	24	1	V	I	10	M	27	88.0	47.4	100.7	63.3	122.0	16.26	20	69.8	Robust
F24I1VI11	I	24	1	V	I	11	M	17	139.8	70.7	108.3	135.4	111.9	16.27	10	66.3	Robust
F24I1VI12	I	24	1	V	I	12	F	80	102.9	53.9	100.4	101.8	102.1	16.13	40	67.2	Robust
F24I1VI13	I	24	1	V	I	13	M	21	88.9	45.5	93.7	74.0	117.8	16.29	10	72.3	Robust
F24I1VI14	I	24	1	V	I	14	M	44	100.5	52.5	91.6	99.8	109.7	16.16	20	71.1	Robust
F24I1VI15	I	24	1	V	I	15	F	80	112.6	60.4	112.5	103.4	102.6	16.08	32	66.9	Robust
F24I1VI16	I	24	1	V	I	16	F	26	108.8	57.3	96.4	98.2	119.1	16.06	11	66.4	Robust
F24I1VI17	I	24	1	V	I	17	F	46	106.1	58.0	108.8	84.3	117.3	15.88	24	65.7	Robust
F24I1VI18	I	24	1	V	I	18	F	72	93.6	48.8	92.3	90.5	107.9	16.02	32	67.1	Robust
F24I1VI19	I	24	1	V	I	19	F	37	103.9	55.7	100.0	100.7	105.3	15.80	16	68.2	Robust
F24I1VI2	I	24	1	V	I	2	F	91	95.3	49.8	99.5	84.9	109.2	15.90	36	68.1	Robust
F24I1VI20	I	24	1	V	I	20	F	83	118.2	61.8	111.0	106.4	108.8	16.04	37	68.9	Robust
F24I1VI21	I	24	1	V	I	21	F	102	108.4	55.8	106.6	101.1	104.8	15.95	40	68.8	Robust
F24I1VI22	I	24	1	V	I	22	F	90	117.5	62.9	114.2	81.0	133.1	16.07	39	68.2	Robust
F24I1VI23	I	24	1	V	I	23	F	72	122.3	64.8	112.8	100.2	119.2	16.05	29	67.4	Robust
F24I1VI24	I	24	1	V	I	24	M	110	104.3	52.8	110.5	83.1	114.2	16.15	42	68.0	Robust
F24I1VI3	I	24	1	V	I	3	F	58	111.5	57.3	104.4	99.4	113.1	15.66	24	68.1	Robust
F24I1VI4	I	24	1	V	I	4	F	51	110.8	57.6	104.4	103.7	107.7	15.77	22	68.7	Robust
F24I1VI5	I	24	1	V	I	5	F	50	106.9	52.2	99.6	105.0	105.6	15.69	21	68.6	Robust
F24I1VI6	I	24	1	V	I	6	F	85	96.2	51.2	95.1	89.9	109.8	16.05	31	70.4	Robust
F24I1VI7	I	24	1	V	I	7	M	23	85.9	46.7	92.3	71.3	117.2	16.41	16	71.1	Robust
F24I1VI8	I	24	1	V	I	8	M	61	89.7	46.6	93.0	83.4	108.6	16.32	24	70.7	Robust
F24I1VI9	I	24	1	V	I	9	M	46	100.6	51.0	97.9	92.2	111.3	16.34	22	68.9	Robust
F24I2VS1	I	24	2	V	S	1	F	87	88.2	47.2	106.5	67.8	110.5	15.94	37	74.3	Robust
F24I2VS10	I	24	2	V	S	10	F	88	81.2	43.0	93.4	69.5	109.6	16.00	30	74.5	Robust
F24I2VS11	I	24	2	V	S	11	F	79	75.5	40.0	93.9	63.5	106.0	15.84	30	73.9	Robust
F24I2VS12	I	24	2	V	S	12	F	79	97.3	51.7	103.2	74.0	121.6	15.85	32	73.3	Robust
F24I2VS13	I	24	2	V	S	13	F	79	95.6	51.3	96.9	77.4	121.4	15.83	30	73.7	Robust
F24I2VS14	I	24	2	V	S	14	F	83	111.5	58.3	104.7	90.1	123.2	15.96	30	75.2	Robust
F24I2VS15	I	24	2	V	S	15	F	84	85.7	46.1	100.2	74.1	105.0	15.94	33	75.0	Robust
F24I2VS16	I	24	2	V	S	16	F	96	77.4	41.8	90.8	74.7	99.3	15.89	31	75.4	Robust
F24I2VS17	I	24	2	V	S	17	F	93	79.2	42.5	94.7	62.4	113.5	15.82	35	75.0	Robust
F24I2VS18	I	24	2	V	S	18	F	90	94.2	49.7	109.3	71.2	113.4	15.90	32	73.6	Robust
F24I2VS2	I	24	2	V	S	2	F	69	103.9	55.3	102.0	84.3	121.2	15.69	31	73.9	Robust
F24I2VS3	I	24	2	V	S	3	F	84	86.6	45.9	95.2	72.5	113.7	15.96	33	74.1	Robust
F24I2VS4	I	24	2	V	S	4	F	79	81.3	43.5	81.6	72.7	119.6	16.05	33	74.3	Robust
F24I2VS5	I	24	2	V	S	5	F	76	88.3	46.3	100.3	70.1	114.1	16.00	33	74.4	Robust
F24I2VS6	I	24	2	V	S	6	F	87	88.7	46.2	95.5	75.5	113.4	15.87	30	75.1	Robust
F24I2VS7	I	24	2	V	S	7	F	93	92.4	48.8	97.4	78.2	114.4	15.80	36	73.7	Robust
F24I2VS8	I	24	2	V	S	8	F	75	94.9	52.3	101.3	79.7	112.7	15.87	33	73.9	Robust
F24I2VS9	I	24	2	V	S	9	F	79	98.5	51.8	98.9	88.1	111.5	15.99	29	73.5	Robust
F24I2VT1	I	24	2	V	T	1	F	59	78.2	41.3	100.4	66.6	100.5	15.91	23	75.6	Robust
F24I2VT10	I	24	2	V	T	10	F	23	73.8	41.6	78.3	65.1	118.8	15.91	9	75.3	Robust
F24I2VT11	I	24	2	V	T	11	F	15	76.5	41.3	100.4	57.6	108.6	16.11	6	75.1	Robust
F24I2VT12	I	24	2	V	T	12	F	71	85.8	45.7	100.5	67.8	112.5	15.92	23	76.9	Robust
F24I2VT13	I	24	2	V	T	13	F	7	60.6	36.5	108.3	37.2	97.1	15.79	4	75.0	Robust
F24I2VT14	I	24	2	V	T	14	F	49	80.4	42.5	93.3	75.4	101.4	15.91	16	75.3	Robust
F24I2VT15	I	24	2	V	T	15	M	78	80.6	43.5	89.8	66.2	116.9	16.16	22	75.7	Robust
F24I2VT16	I	24	2	V	T	16	F	28	91.1	47.0	84.5	83.8	120.4	16.03	11	76.8	Robust
F24I2VT17	I	24	2	V	T	17	F	47	95.5	51.2	103.9	81.9	108.5	16.03	16	75.6	Robust
F24I2VT18	I	24	2	V	T	18	F	72	85.4	47.0	93.4	76.5	108.7	16.05	25	77.2	Robust
F24I2VT19	I	24	2	V	T	19	M	41	77.3	43.4	97.7	53.0	119.5	16.25	13	75.8	Robust
F24I2VT2	I	24	2	V	T	2	F	93	84.6	44.2	92.0	68.2	119.3	16.11	30	76.3	Robust
F24I2VT20	I	24	2	V	T	20	F	86	85.0	44.9	86.6	77.7	114.4	15.89	26	76.4	Robust
F24I2VT21	I	24	2	V	T	21	F	108	92.5	48.9	99.1	83.1	107.2	15.94	34	76.3	Robust
F24I2VT22	I	24	2	V	T	22	F	85	95.9	50.4	111.6	72.2	112.8	15.90	29	77.2	Robust
F24I2VT23	I	24	2	V	T	23	F	76	95.5	52.9	105.5	73.6	116.5	15.81	27	77.2	Robust
F24I2VT24	I	24	2	V	T	24	F	111	81.1	44.0	96.0	68.2	108.3	16.02	36	76.4	Robust
F24I2VT3	I	24	2	V	T	3	F	60	73.2	37.7	86.7	63.1	110.1	15.87	20	76.4	Robust
F24I2VT4	I	24	2	V	T	4	F	54	97.7	51.4	82.5	93.4	122.9	15.79	17	76.1	Robust
F24I2VT5	I	24	2	V	T	5	F	45	99.8	51.8	92.8	100.2	106.9	16.02	17	75.5	Robust
F24I2VT6	I	24	2	V	T	6	F	98	71.3	38.4	78.2	70.6	106.6	16.08	31	75.6	Robust
F24I2VT7	I	24	2	V	T	7	F	39	71.7	40.0	81.3	70.9	103.5	15.84	14	76.4	Robust
F24I2VT8	I	24	2	V	T	8	F	74	78.3	41.2	80.0	73.9	114.3	16.11	21	75.8	Robust
F24I2VT9	I	24	2	V	T	9	F	54	78.0	42.4	87.2	74.5	104.5	16.13	17	76.3	Robust
F24I2VW1	I	24	2	V	W	1	F	39	89.6	49.0	106.1	67.5	113.7	15.73	30	73.8	Robust
F24I2VW2	I	24	2	V	W	2	F	37	105.3	56.8	103.9	87.3	117.8	15.96	24	74.4	Robust
F24I2VW3	I	24	2	V	W	3	F	41	97.6	50.9	104.0	97.2	95.3	15.91	27	73.4	Robust
F24I2VW4	I	24	2	V	W	4	F	44	106.0	55.0	107.3	97.8	103.9	15.71	28	73.1	Robust
F24I2VW5	I	24	2	V	W	5	F	33	103.7	53.7	103.9	93.0	108.9	15.77	22	72.7	Robust
F24I2VW6	I	24	2	V	W	6	F	32	96.3	48.9	100.4	88.6	105.7	15.95	24	72.4	Robust
F24I2VY1	I	24	2	V	Y	1	F	23	88.1	44.9	103.9	61.6	121.2	15.96	28	72.0	Robust
F24I2VY2	I	24	2	V	Y	2	F	20	118.0	65.1	112.4	90.1	124.8	15.77	25	72.7	Robust
F24I2VY3	I	24	2	V	Y	3	F	17	155.9	87.5	135.7	107.2	132.7	15.75	23	73.0	Robust
F24I2VY4	I	24	2	V	Y	4	M	24	109.6	60.4	112.8	79.5	124.3	16.35	22	72.7	Robust
F24I2VY5	I	24	2	V	Y	5	F	19	101.1	53.5	106.8	91.9	103.3	15.64	20	72.5	Robust
F24I2VY6	I	24	2	V	Y	6	F	19	115.2	60.7	114.0	90.2	119.0	15.75	20	71.7	Robust
F24I2VY7	I	24	2	V	Y	7	F	17	137.9	74.2	114.2	122.5	115.7	15.81	21	72.2	Robust
F24I2VY8	I	24	2	V	Y	8	F	17	111.7	61.0	110.3	100.8	106.1	15.66	21	73.2	Robust
F24I2VY9	I	24	2	V	Y	9	F	30	137.0	71.4	110.8	113.2	127.4	16.08	31	73.4	Robust
F28G1FR1	G	28	1	F	R	1	F	172	113.4	59.7	103.6	95.8	120.8	15.65	57	67.9	Robust
F28G1FR21	G	28	1	F	R	21	F	140	104.7	56.2	104.0	86.1	118.2	15.62	48	67.4	Robust
F28G1FR22	G	28	1	F	R	22	F	92	116.9	61.7	108.1	101.0	115.5	15.87	31	66.2	Robust
F28G1FR23	G	28	1	F	R	23	F	76	125.8	65.1	108.1	100.3	129.0	15.77	27	67.3	Robust
F28G1FR24	G	28	1	F	R	24	F	57	123.7	65.9	114.5	102.2	117.2	15.58	22	67.3	Robust
F28G1FR25	G	28	1	F	R	25	F	120	129.6	67.1	103.1	115.2	123.7	15.55	38	67.0	Robust
F28G1FR26	G	28	1	F	R	26	F	64	114.4	61.3	113.3	94.1	114.1	15.74	21	67.4	Robust
F28G1FR27	G	28	1	F	R	27	F	55	114.4	62.0	109.0	88.9	124.4	15.81	21	67.5	Robust
F28G1FS1	G	28	1	F	S	1	F	73	105.0	55.5	97.2	89.7	122.0	15.78	31	66.9	Robust
F28G1FS10	G	28	1	F	S	10	F	78	109.6	57.2	105.1	93.3	116.3	15.67	30	67.7	Robust
F28G1FS11	G	28	1	F	S	11	F	81	136.7	74.8	111.2	123.4	116.3	15.83	35	67.3	Robust
F28G1FS12	G	28	1	F	S	12	F	68	105.5	56.0	106.8	88.3	113.8	15.68	30	66.8	Robust
F28G1FS13	G	28	1	F	S	13	F	73	102.5	54.1	93.7	97.2	113.4	15.81	29	67.3	Robust
F28G1FS14	G	28	1	F	S	14	F	92	117.6	61.9	100.9	99.2	126.3	15.67	34	67.3	Robust
F28G1FS15	G	28	1	F	S	15	F	79	107.5	57.4	99.5	100.2	111.6	15.76	33	67.3	Robust
F28G1FS16	G	28	1	F	S	16	F	82	125.8	66.6	103.2	106.3	127.8	15.70	30	66.7	Robust
F28G1FS2	G	28	1	F	S	2	F	74	108.5	56.6	105.8	93.7	113.4	15.64	31	66.9	Robust
F28G1FS3	G	28	1	F	S	3	F	91	99.7	54.2	99.8	90.8	109.4	15.78	34	67.4	Robust
F28G1FS4	G	28	1	F	S	4	F	82	120.5	63.6	103.5	98.6	128.4	15.76	34	67.6	Robust
F28G1FS5	G	28	1	F	S	5	F	94	101.8	53.6	99.1	93.4	110.6	15.85	34	66.5	Robust
F28G1FS6	G	28	1	F	S	6	F	85	112.1	59.2	108.4	103.5	105.8	15.64	32	67.1	Robust
F28G1FS7	G	28	1	F	S	7	F	85	118.7	61.5	105.2	94.3	128.8	15.88	32	66.4	Robust
F28G1FS8	G	28	1	F	S	8	F	52	111.2	58.2	99.2	92.2	126.5	15.73	25	63.9	Robust
F28G1FS9	G	28	1	F	S	9	F	75	115.5	60.5	104.1	112.1	106.3	15.78	35	66.6	Robust
F28G1FT1	G	28	1	F	T	1	F	172	109.6	58.1	93.5	106.0	115.1	15.67	58	69.1	Robust
F28G1FT10	G	28	1	F	T	10	F	213	117.0	60.8	103.4	105.3	116.0	15.79	83	69.4	Robust
F28G1FT11	G	28	1	F	T	11	F	96	119.1	64.7	101.4	105.0	121.5	15.83	34	69.1	Robust
F28G1FT2	G	28	1	F	T	2	F	162	126.5	66.7	102.3	114.3	121.2	15.68	59	68.6	Robust
F28G1FT3	G	28	1	F	T	3	F	48	111.3	58.6	106.1	93.4	117.7	15.88	17	69.3	Robust
F28G1FT4	G	28	1	F	T	4	F	148	113.3	58.6	99.5	101.5	118.9	15.73	58	68.6	Robust
F28G1FT5	G	28	1	F	T	5	F	33	106.9	58.7	118.8	75.2	119.2	15.54	14	68.6	Robust
F28G1FT6	G	28	1	F	T	6	F	150	124.9	65.2	111.7	104.5	119.3	15.89	59	71.1	Robust
F28G1FT7	G	28	1	F	T	7	F	80	115.1	61.4	105.4	101.7	115.1	15.84	30	69.3	Robust
F28G1FT8	G	28	1	F	T	8	F	55	132.0	69.1	103.0	115.2	127.2	15.73	22	70.4	Robust
F28G1FT9	G	28	1	F	T	9	F	71	95.6	49.4	91.3	86.4	117.0	16.00	25	69.2	Robust
F28G1FW1	G	28	1	F	W	1	F	19	120.2	58.7	96.9	125.8	107.2	15.82	19	63.4	Robust
F28G1FW2	G	28	1	F	W	2	F	41	130.3	68.0	117.3	112.4	112.8	15.93	28	65.1	Robust
F28G1FW3	G	28	1	F	W	3	M	24	95.5	51.7	90.0	88.9	115.4	16.21	22	63.8	Robust
F28G1FW4	G	28	1	F	W	4	F	25	127.6	67.3	103.1	127.9	108.7	15.58	24	64.0	Robust
F28G1FW5	G	28	1	F	W	5	F	24	141.2	76.1	114.3	114.1	128.4	15.51	20	62.9	Robust
F28G1FW6	G	28	1	F	W	6	F	23	132.8	66.4	102.1	123.0	121.2	15.83	21	63.0	Robust
F28G1FW7	G	28	1	F	W	7	F	26	97.3	51.4	106.0	79.3	112.2	16.07	24	62.8	Robust
F28G1FW8	G	28	1	F	W	8	F	27	139.8	74.5	111.1	123.1	120.7	15.75	25	64.9	Robust
F28G1FY1	G	28	1	F	Y	1	F	12	134.1	64.8	107.6	140.6	101.2	15.61	21	64.2	Robust
F28G1FY2	G	28	1	F	Y	2	F	23	113.5	57.7	111.9	95.1	113.0	15.72	24	65.1	Robust
F28G1FY3	G	28	1	F	Y	3	F	16	121.4	66.4	87.9	111.9	133.1	15.84	20	63.5	Robust
F28G1FY4	G	28	1	F	Y	4	F	24	136.8	67.9	108.4	109.1	134.3	15.69	26	64.2	Robust
F28G1FY5	G	28	1	F	Y	5	F	28	108.4	57.4	92.8	115.7	104.5	15.79	31	64.7	Robust
F28G1FY6	G	28	1	F	Y	6	F	19	134.3	69.2	102.0	121.8	124.4	15.95	24	64.9	Robust
F28G1FY7	G	28	1	F	Y	7	F	19	93.5	49.0	97.0	65.4	133.5	16.01	21	64.9	Robust
F28G1VI1	G	28	1	V	I	1	F	155	110.2	58.8	101.2	92.9	121.8	15.72	51	64.6	Robust
F28G1VI10	G	28	1	V	I	10	F	118	109.7	58.5	103.0	89.4	123.1	15.92	45	69.0	Robust
F28G1VI11	G	28	1	V	I	11	F	204	104.5	55.7	96.7	91.2	119.9	15.74	66	68.4	Robust
F28G1VI2	G	28	1	V	I	2	F	247	104.3	54.4	103.7	89.1	114.4	15.82	82	65.4	Robust
F28G1VI3	G	28	1	V	I	3	F	123	111.0	59.2	101.1	94.8	121.1	15.82	44	65.6	Robust
F28G1VI4	G	28	1	V	I	4	F	229	112.8	58.8	101.1	97.6	120.6	15.78	67	65.7	Robust
F28G1VI5	G	28	1	V	I	5	F	199	121.2	63.5	109.8	101.3	119.6	15.80	64	64.6	Robust
F28G1VI6	G	28	1	V	I	6	F	134	144.7	76.9	111.7	115.0	134.8	15.80	48	66.5	Robust
F28G1VI7	G	28	1	V	I	7	F	135	117.7	64.8	109.7	102.0	114.0	15.81	49	68.2	Robust
F28G1VI8	G	28	1	V	I	8	F	175	114.2	60.7	106.7	93.8	121.0	15.89	57	68.4	Robust
F28G1VI9	G	28	1	V	I	9	F	97	114.2	59.8	105.9	97.6	117.5	16.00	40	67.3	Robust
F28G2VS1	G	28	2	V	S	1	F	80	106.5	55.8	108.5	83.6	119.2	15.61	36	68.6	Robust
F28G2VS10	G	28	2	V	S	10	F	71	112.8	58.6	99.4	100.2	119.7	15.63	31	66.6	Robust
F28G2VS11	G	28	2	V	S	11	F	79	95.7	50.3	97.9	86.2	110.1	15.65	30	67.9	Robust
F28G2VS12	G	28	2	V	S	12	F	80	95.9	51.0	106.0	74.5	115.6	15.71	31	68.1	Robust
F28G2VS13	G	28	2	V	S	13	F	80	99.7	51.8	108.2	83.6	108.9	15.57	30	67.4	Robust
F28G2VS14	G	28	2	V	S	14	F	89	96.2	48.0	98.0	85.8	111.3	15.70	33	68.3	Robust
F28G2VS15	G	28	2	V	S	15	F	89	112.4	60.0	100.7	93.8	124.8	15.70	36	68.4	Robust
F28G2VS16	G	28	2	V	S	16	F	100	107.7	55.6	100.0	89.3	123.6	15.58	35	68.0	Robust
F28G2VS17	G	28	2	V	S	17	F	101	96.0	50.8	93.9	88.1	112.8	15.51	34	68.5	Robust
F28G2VS18	G	28	2	V	S	18	F	51	89.3	48.6	109.0	69.5	107.7	15.62	32	66.5	Robust
F28G2VS19	G	28	2	V	S	19	F	103	111.2	58.7	104.0	94.6	118.4	15.69	36	68.9	Robust
F28G2VS2	G	28	2	V	S	2	F	81	117.9	61.1	108.7	97.9	119.7	15.78	34	69.4	Robust
F28G2VS20	G	28	2	V	S	20	F	92	112.1	59.2	107.8	86.3	125.3	15.80	34	68.0	Robust
F28G2VS21	G	28	2	V	S	21	F	90	88.2	46.3	106.1	73.3	104.0	15.70	32	68.6	Robust
F28G2VS22	G	28	2	V	S	22	F	89	98.1	51.8	101.2	79.2	118.6	15.68	33	69.0	Robust
F28G2VS23	G	28	2	V	S	23	F	93	88.2	45.8	101.9	86.8	93.4	15.81	31	68.4	Robust
F28G2VS24	G	28	2	V	S	24	F	117	105.3	54.9	103.6	87.1	118.3	15.55	38	69.5	Robust
F28G2VS25	G	28	2	V	S	25	F	73	102.2	53.8	97.3	85.3	122.4	15.82	32	68.2	Robust
F28G2VS3	G	28	2	V	S	3	F	112	86.4	44.5	93.1	74.9	112.8	15.65	40	68.0	Robust
F28G2VS4	G	28	2	V	S	4	F	92	107.1	57.0	99.9	91.7	119.9	15.68	33	67.6	Robust
F28G2VS5	G	28	2	V	S	5	F	98	116.7	61.2	102.7	94.8	128.0	15.64	33	67.5	Robust
F28G2VS6	G	28	2	V	S	6	F	100	101.7	53.6	91.5	95.6	116.4	15.59	32	67.3	Robust
F28G2VS7	G	28	2	V	S	7	F	87	103.2	54.7	105.3	82.2	118.8	15.69	32	67.6	Robust
F28G2VS8	G	28	2	V	S	8	F	87	94.3	48.7	103.7	71.6	119.0	15.86	33	66.4	Robust
F28G2VS9	G	28	2	V	S	9	F	45	118.0	60.6	111.6	89.3	126.7	15.77	23	65.1	Robust
F28G2VT1	G	28	2	V	T	1	F	192	102.5	52.8	94.5	91.9	118.4	15.77	65	70.0	Robust
F28G2VT10	G	28	2	V	T	10	F	132	100.2	53.0	103.1	73.9	126.7	15.74	44	69.9	Robust
F28G2VT11	G	28	2	V	T	11	F	222	109.1	58.2	102.4	93.7	117.9	15.69	72	69.7	Robust
F28G2VT2	G	28	2	V	T	2	F	294	110.3	58.2	105.3	92.2	118.5	15.73	90	69.8	Robust
F28G2VT3	G	28	2	V	T	3	F	137	105.9	56.1	106.2	88.4	115.0	15.80	42	70.1	Robust
F28G2VT4	G	28	2	V	T	4	F	272	97.4	51.6	103.8	78.6	115.4	15.68	79	69.6	Robust
F28G2VT5	G	28	2	V	T	5	F	205	113.1	59.3	108.9	95.6	114.9	15.76	60	69.0	Robust
F28G2VT6	G	28	2	V	T	6	F	147	117.7	61.2	108.9	99.5	117.3	15.69	43	69.4	Robust
F28G2VT7	G	28	2	V	T	7	F	161	106.2	56.3	103.7	95.2	110.5	15.68	50	69.8	Robust
F28G2VT8	G	28	2	V	T	8	F	212	105.4	54.8	101.1	85.7	123.0	15.76	62	69.6	Robust
F28G2VT9	G	28	2	V	T	9	F	120	111.2	58.4	101.6	94.2	121.5	15.87	39	70.1	Robust
F28G2VW1	G	28	2	V	W	1	F	35	109.9	56.1	95.6	100.2	119.5	15.72	29	64.8	Robust
F28G2VW2	G	28	2	V	W	2	F	47	89.7	45.8	83.4	104.7	96.6	16.01	30	65.2	Robust
F28G2VW3	G	28	2	V	W	3	F	22	131.3	68.4	104.1	120.2	119.8	15.61	20	64.6	Robust
F28G2VW4	G	28	2	V	W	4	F	30	114.8	56.7	111.0	95.6	115.3	15.64	23	65.1	Robust
F28G2VW5	G	28	2	V	W	5	F	27	153.4	80.5	103.9	135.0	134.0	15.82	20	65.8	Robust
F28G2VW6	G	28	2	V	W	6	F	33	124.8	66.2	111.4	103.2	120.9	15.65	20	65.9	Robust
F28G2VW7	G	28	2	V	W	7	F	33	129.5	71.1	102.7	116.4	122.7	15.70	20	66.5	Robust
F28G2VY1	G	28	2	V	Y	1	F	21	142.8	79.1	110.8	135.0	113.4	15.29	27	66.0	Robust
F28G2VY10	G	28	2	V	Y	10	F	16	132.3	66.7	90.8	138.5	118.3	16.03	22	65.0	Robust
F28G2VY2	G	28	2	V	Y	2	F	22	151.2	83.1	109.6	122.9	137.3	15.53	23	64.8	Robust
F28G2VY3	G	28	2	V	Y	3	F	21	147.1	77.5	121.9	106.9	136.0	15.62	23	65.7	Robust
F28G2VY4	G	28	2	V	Y	4	F	17	154.0	89.1	97.8	153.1	124.5	15.81	21	64.7	Robust
F28G2VY5	G	28	2	V	Y	5	F	27	101.9	52.0	106.2	85.1	112.4	15.82	24	65.7	Robust
F28G2VY6	G	28	2	V	Y	6	F	23	172.6	91.9	125.9	134.0	134.3	15.40	29	66.4	Robust
F28G2VY7	G	28	2	V	Y	7	F	20	129.8	68.9	106.6	131.2	104.9	15.67	24	66.0	Robust
F28G2VY8	G	28	2	V	Y	8	F	16	142.7	73.1	108.3	121.8	128.9	15.83	21	65.4	Robust
F28G2VY9	G	28	2	V	Y	9	F	18	112.2	58.5	119.4	101.8	97.1	15.76	23	64.6	Robust
F40L1FR1	L	40	1	F	R	1	F	86	107.8	57.7	103.7	91.3	117.3	15.17	37	68.9	Robust
F40L1FR21	L	40	1	F	R	21	F	50	117.8	63.7	106.7	111.8	107.1	15.03	20	67.5	Robust
F40L1FR22	L	40	1	F	R	22	F	49	113.8	61.0	108.5	108.4	103.1	15.02	20	67.4	Robust
F40L1FR23	L	40	1	F	R	23	F	58	114.1	61.4	96.9	118.7	105.5	15.16	25	68.0	Robust
F40L1FR24	L	40	1	F	R	24	F	42	122.5	65.1	112.2	120.5	99.8	14.88	27	67.8	Robust
F40L1FR25	L	40	1	F	R	25	F	70	111.7	58.5	95.6	105.1	116.8	15.13	29	67.8	Robust
F40L1FR26	L	40	1	F	R	26	F	90	113.7	63.1	103.7	113.2	103.2	15.03	35	66.5	Robust
F40L1FS1	L	40	1	F	S	1	F	65	118.0	63.2	106.5	106.9	112.6	15.11	31	68.3	Robust
F40L1FS10	L	40	1	F	S	10	F	75	124.7	65.7	102.4	109.1	124.1	15.19	29	67.8	Robust
F40L1FS11	L	40	1	F	S	11	F	76	128.6	69.6	98.7	109.5	133.4	15.48	31	69.6	Robust
F40L1FS12	L	40	1	F	S	12	M	13	98.6	51.2	109.8	82.6	106.7	16.15	25	62.5	Robust
F40L1FS13	L	40	1	F	S	13	F	19	93.1	48.7	101.4	92.9	95.2	16.14	30	68.3	Robust
F40L1FS14	L	40	1	F	S	14	F	77	117.7	63.3	100.0	107.7	118.3	15.14	30	69.2	Robust
F40L1FS15	L	40	1	F	S	15	F	75	117.0	63.6	101.6	107.7	115.5	15.24	30	69.6	Robust
F40L1FS16	L	40	1	F	S	16	F	87	123.0	67.7	105.3	108.1	119.5	15.19	32	69.1	Robust
F40L1FS2	L	40	1	F	S	2	F	93	118.7	64.8	90.6	107.1	131.1	15.36	35	71.4	Robust
F40L1FS3	L	40	1	F	S	3	F	84	117.2	63.4	100.4	114.6	110.0	15.36	29	70.5	Robust
F40L1FS4	L	40	1	F	S	4	F	83	105.2	55.1	95.3	95.6	117.5	15.28	34	71.1	Robust
F40L1FS5	L	40	1	F	S	5	F	100	110.5	58.7	93.2	103.0	120.0	15.38	35	70.5	Robust
F40L1FS6	L	40	1	F	S	6	F	96	123.8	66.3	105.5	108.6	120.0	15.26	37	68.8	Robust
F40L1FS7	L	40	1	F	S	7	F	87	115.2	61.7	99.4	105.5	117.5	15.23	30	69.7	Robust
F40L1FS8	L	40	1	F	S	8	F	66	119.6	62.2	110.8	102.3	115.2	15.24	32	67.5	Robust
F40L1FS9	L	40	1	F	S	9	F	76	118.4	63.5	103.7	107.4	115.4	15.27	34	67.9	Robust
F40L1FT1	L	40	1	F	T	1	F	138	120.5	64.3	99.8	111.2	118.7	15.24	48	73.7	Robust
F40L1FT10	L	40	1	F	T	10	F	187	134.8	72.9	103.2	117.9	127.9	15.31	66	71.3	Robust
F40L1FT11	L	40	1	F	T	11	F	84	132.5	72.6	100.6	107.8	138.8	15.21	32	70.5	Robust
F40L1FT2	L	40	1	F	T	2	F	146	122.8	64.8	104.2	105.3	123.4	15.28	48	73.5	Robust
F40L1FT3	L	40	1	F	T	3	F	41	111.8	59.1	108.0	87.2	123.5	15.17	14	73.3	Robust
F40L1FT4	L	40	1	F	T	4	F	137	115.8	61.7	101.5	99.1	123.1	15.25	47	71.1	Robust
F40L1FT5	L	40	1	F	T	5	F	34	145.4	81.6	113.4	117.0	131.7	15.02	12	72.8	Robust
F40L1FT6	L	40	1	F	T	6	F	128	119.8	61.9	104.8	111.9	111.7	15.24	49	73.4	Robust
F40L1FT7	L	40	1	F	T	7	F	65	123.7	66.5	112.6	102.9	118.4	15.28	23	72.4	Robust
F40L1FT8	L	40	1	F	T	8	F	42	127.7	69.8	107.7	107.0	124.7	15.02	16	72.3	Robust
F40L1FT9	L	40	1	F	T	9	F	63	103.1	54.2	90.3	103.7	111.1	15.33	20	71.9	Robust
F40L1FW1	L	40	1	F	W	1	F	32	125.5	66.2	115.8	103.7	116.8	15.33	23	70.9	Robust
F40L1FW2	L	40	1	F	W	2	F	50	127.2	66.4	101.1	107.2	131.2	15.28	29	71.5	Robust
F40L1FW3	L	40	1	F	W	3	F	36	139.9	72.2	104.7	128.8	122.0	15.27	19	72.2	Robust
F40L1FW4	L	40	1	F	W	4	F	26	118.2	61.5	104.2	96.7	126.3	15.25	20	72.2	Robust
F40L1FW5	L	40	1	F	W	5	F	35	121.3	62.2	111.5	108.1	110.9	15.35	20	72.2	Robust
F40L1FY1	L	40	1	F	Y	1	F	24	113.1	58.2	92.1	103.5	124.7	15.72	19	71.3	Robust
F40L1FY2	L	40	1	F	Y	2	F	33	154.8	83.9	108.5	126.6	139.1	15.00	27	71.5	Robust
F40L1FY3	L	40	1	F	Y	3	F	23	133.1	71.9	100.3	124.8	121.7	15.26	19	73.4	Robust
F40L1FY4	L	40	1	F	Y	4	F	36	121.3	63.0	87.8	110.6	134.4	15.54	26	74.4	Robust
F40L1VI1	L	40	1	V	I	1	F	95	99.6	53.2	95.9	89.3	115.1	15.13	33	68.0	Robust
F40L1VI2	L	40	1	V	I	2	F	135	110.2	58.9	105.9	98.0	111.2	15.08	58	67.2	Robust
F40L1VI3	L	40	1	V	I	3	F	207	104.1	55.3	97.1	92.4	117.5	15.10	82	66.4	Robust
F40L1VI4	L	40	1	V	I	4	F	193	115.3	60.6	103.1	103.6	115.7	15.02	81	66.2	Robust
F40L1VI5	L	40	1	V	I	5	F	193	109.2	56.8	100.7	105.2	107.5	15.03	78	65.8	Robust
F40L1VI6	L	40	1	V	I	6	F	152	119.0	63.7	105.6	107.6	114.2	15.06	69	66.3	Robust
F40L1VI7	L	40	1	V	I	7	F	175	110.7	57.4	92.3	95.6	129.7	15.08	74	66.7	Robust
F40L1VI8	L	40	1	V	I	8	F	186	116.1	60.7	105.0	101.1	117.5	15.11	90	66.2	Robust
F40L1VI9	L	40	1	V	I	9	F	54	109.3	60.7	105.2	93.2	116.0	15.09	32	63.7	Robust
F40L2VS1	L	40	2	V	S	1	F	70	97.0	50.5	81.6	95.1	120.7	15.22	30	69.5	Robust
F40L2VS10	L	40	2	V	S	10	F	85	104.3	55.1	96.2	94.7	116.3	15.13	30	69.7	Robust
F40L2VS11	L	40	2	V	S	11	F	90	102.6	53.4	104.1	86.6	114.1	15.03	30	69.0	Robust
F40L2VS12	L	40	2	V	S	12	F	104	117.3	59.2	97.7	110.9	116.7	15.05	32	68.9	Robust
F40L2VS13	L	40	2	V	S	13	F	81	106.0	56.0	101.7	94.0	113.7	14.93	29	68.7	Robust
F40L2VS14	L	40	2	V	S	14	F	91	101.0	53.5	99.4	91.7	110.8	15.06	32	68.9	Robust
F40L2VS2	L	40	2	V	S	2	F	99	92.0	48.0	96.5	86.1	105.6	15.17	32	70.4	Robust
F40L2VS3	L	40	2	V	S	3	F	96	95.4	49.3	98.4	82.9	112.8	15.14	30	70.2	Robust
F40L2VS4	L	40	2	V	S	4	F	84	104.0	54.9	101.8	85.0	120.7	15.06	31	69.9	Robust
F40L2VS5	L	40	2	V	S	5	F	89	91.2	47.1	93.8	78.2	116.3	15.13	31	70.0	Robust
F40L2VS6	L	40	2	V	S	6	F	99	98.9	50.7	101.5	80.6	118.0	15.19	36	70.0	Robust
F40L2VS7	L	40	2	V	S	7	F	125	107.1	55.7	101.2	93.5	116.4	15.19	44	69.8	Robust
F40L2VS8	L	40	2	V	S	8	F	122	103.4	54.4	98.7	94.8	112.0	15.19	39	69.5	Robust
F40L2VS9	L	40	2	V	S	9	F	102	108.7	56.4	98.1	91.3	124.9	15.09	31	69.1	Robust
F40L2VT1	L	40	2	V	T	1	F	102	101.7	52.4	97.8	87.2	118.8	15.20	32	72.2	Robust
F40L2VT2	L	40	2	V	T	2	F	127	112.4	60.0	103.0	94.2	121.8	14.99	42	71.9	Robust
F40L2VT3	L	40	2	V	T	3	F	192	100.8	52.3	99.6	88.0	114.5	15.19	61	71.4	Robust
F40L2VT4	L	40	2	V	T	4	F	188	102.3	54.1	99.7	88.8	115.8	15.17	59	71.4	Robust
F40L2VT5	L	40	2	V	T	5	F	165	104.5	54.0	96.3	92.5	118.8	15.18	50	71.3	Robust
F40L2VT6	L	40	2	V	T	6	F	154	106.4	55.5	98.3	95.3	116.5	15.17	46	70.6	Robust
F40L2VT7	L	40	2	V	T	7	F	176	107.4	57.1	95.4	95.5	120.9	15.18	51	70.9	Robust
F40L2VT8	L	40	2	V	T	8	F	164	104.9	54.2	102.5	83.3	123.5	15.15	57	71.6	Robust
F40L2VT9	L	40	2	V	T	9	F	55	96.7	50.7	104.4	75.6	117.3	15.08	22	70.0	Robust
F40L2VW1	L	40	2	V	W	1	F	22	113.9	60.1	106.4	94.1	120.4	15.34	23	66.3	Robust
F40L2VW2	L	40	2	V	W	2	F	57	126.2	64.1	110.6	98.2	129.5	15.15	27	70.8	Robust
F40L2VW3	L	40	2	V	W	3	F	52	135.5	74.0	103.1	106.8	141.2	15.21	28	70.2	Robust
F40L2VW4	L	40	2	V	W	4	F	53	115.3	59.9	114.8	95.1	112.7	15.19	29	70.1	Robust
F40L2VW5	L	40	2	V	W	5	F	46	109.6	55.5	105.7	94.7	114.1	15.18	26	68.7	Robust
F40L2VY1	L	40	2	V	Y	1	F	29	113.2	58.1	111.6	83.3	126.6	15.42	24	69.1	Robust
F40L2VY2	L	40	2	V	Y	2	F	34	147.8	77.2	107.3	120.1	138.3	15.48	27	69.7	Robust
F40L2VY3	L	40	2	V	Y	3	F	32	140.7	71.5	123.1	113.3	119.5	15.32	24	69.8	Robust
F40L2VY4	L	40	2	V	Y	4	F	34	141.2	72.4	124.2	109.6	122.9	15.02	24	69.9	Robust
F40L2VY5	L	40	2	V	Y	5	F	31	170.6	95.1	112.7	147.6	132.7	15.15	25	70.5	Robust
F40L2VY6	L	40	2	V	Y	6	F	23	160.7	79.6	131.4	113.2	136.4	15.17	20	69.7	Robust
F60E1FR1	E	60	1	F	R	1	F	185	98.3	50.4	96.4	90.4	111.2	16.13	68	72.9	Robust
F60E1FR21	E	60	1	F	R	21	M	46	100.8	51.4	105.7	88.1	108.0	16.22	20	71.7	Robust
F60E1FR210	E	60	1	F	R	210	M	98	95.2	47.9	104.6	81.9	107.2	16.26	34	72.5	Robust
F60E1FR211	E	60	1	F	R	211	F	50	107.8	56.0	94.2	94.7	124.0	16.04	20	70.8	Robust
F60E1FR212	E	60	1	F	R	212	M	53	103.7	55.8	98.0	87.3	121.8	16.25	21	71.6	Robust
F60E1FR213	E	60	1	F	R	213	M	65	84.2	44.3	102.6	59.6	118.1	16.19	23	71.8	Robust
F60E1FR214	E	60	1	F	R	214	M	56	86.3	45.7	101.0	78.3	100.2	16.21	21	71.3	Robust
F60E1FR215	E	60	1	F	R	215	M	49	71.4	36.4	96.4	57.6	103.0	16.16	19	71.2	Robust
F60E1FR216	E	60	1	F	R	216	F	63	99.6	51.7	97.5	93.0	109.2	16.04	21	71.8	Robust
F60E1FR22	E	60	1	F	R	22	F	55	76.9	39.8	92.0	75.3	96.4	16.10	24	71.4	Robust
F60E1FR23	E	60	1	F	R	23	F	45	91.7	48.1	97.9	83.8	106.3	16.03	21	70.0	Robust
F60E1FR24	E	60	1	F	R	24	M	45	93.5	48.4	103.8	62.1	130.2	16.24	21	73.3	Robust
F60E1FR25	E	60	1	F	R	25	M	50	112.3	57.2	100.6	91.7	127.2	16.17	20	70.3	Robust
F60E1FR26	E	60	1	F	R	26	F	49	78.4	41.4	85.6	76.2	105.1	16.07	22	71.1	Robust
F60E1FR27	E	60	1	F	R	27	F	32	93.2	48.5	111.8	79.9	99.3	16.08	20	72.3	Robust
F60E1FR28	E	60	1	F	R	28	F	54	94.7	49.3	100.8	78.5	114.4	16.08	20	72.0	Robust
F60E1FR29	E	60	1	F	R	29	M	54	78.9	41.2	103.4	65.4	100.3	16.17	20	71.5	Robust
F60E1FS1	E	60	1	F	S	1	F	67	99.8	53.7	86.7	98.0	116.1	16.10	31	71.0	Robust
F60E1FS10	E	60	1	F	S	10	M	67	119.1	62.1	108.8	101.2	117.7	16.25	31	71.5	Robust
F60E1FS11	E	60	1	F	S	11	M	66	99.3	50.8	94.3	88.5	117.3	16.30	32	71.8	Robust
F60E1FS12	E	60	1	F	S	12	M	78	110.9	58.6	99.7	94.7	122.4	16.18	32	70.8	Robust
F60E1FS13	E	60	1	F	S	13	M	70	93.2	50.2	109.2	84.0	97.3	16.42	30	71.1	Robust
F60E1FS14	E	60	1	F	S	14	F	93	109.4	55.8	96.2	109.5	108.3	16.13	34	70.5	Robust
F60E1FS15	E	60	1	F	S	15	M	76	108.3	56.5	107.4	86.7	119.4	16.19	31	70.4	Robust
F60E1FS16	E	60	1	F	S	16	M	68	97.4	51.7	93.3	95.7	107.4	16.23	29	71.4	Robust
F60E1FS17	E	60	1	F	S	17	F	58	105.8	56.3	101.7	91.3	116.5	16.04	29	70.2	Robust
F60E1FS2	E	60	1	F	S	2	M	61	107.7	58.4	104.4	97.6	109.4	16.25	30	70.5	Robust
F60E1FS3	E	60	1	F	S	3	M	73	113.4	59.6	100.9	99.0	120.2	16.24	32	70.5	Robust
F60E1FS4	E	60	1	F	S	4	M	67	125.9	65.7	109.7	123.3	104.1	16.21	31	72.6	Robust
F60E1FS5	E	60	1	F	S	5	F	70	104.2	53.7	106.3	89.4	111.2	16.09	33	69.7	Robust
F60E1FS6	E	60	1	F	S	6	M	74	113.6	58.2	103.6	103.7	112.5	16.42	30	68.8	Robust
F60E1FS7	E	60	1	F	S	7	M	69	113.4	58.1	102.2	92.6	126.0	16.27	31	69.9	Robust
F60E1FS8	E	60	1	F	S	8	M	52	94.2	48.3	95.3	83.6	113.4	16.23	31	69.6	Robust
F60E1FS9	E	60	1	F	S	9	M	53	92.4	49.5	93.9	79.6	116.7	16.36	33	70.1	Robust
F60E1FT1	E	60	1	F	T	1	F	145	94.3	48.0	93.4	90.3	108.0	16.06	48	74.7	Robust
F60E1FT10	E	60	1	F	T	10	M	199	114.2	60.5	100.5	104.4	116.0	16.19	73	70.9	Robust
F60E1FT11	E	60	1	F	T	11	M	79	106.3	56.5	104.5	89.6	116.1	16.27	33	70.8	Robust
F60E1FT2	E	60	1	F	T	2	F	154	102.0	52.5	94.2	100.9	108.0	15.97	52	73.5	Robust
F60E1FT3	E	60	1	F	T	3	M	38	79.9	42.9	105.2	54.1	114.8	16.46	14	74.2	Robust
F60E1FT4	E	60	1	F	T	4	M	132	103.6	54.1	102.9	88.0	115.4	16.26	50	72.3	Robust
F60E1FT5	E	60	1	F	T	5	F	33	112.7	57.1	125.6	106.2	88.3	16.06	14	73.2	Robust
F60E1FT6	E	60	1	F	T	6	M	132	117.2	61.5	109.1	104.2	111.5	16.26	52	73.8	Robust
F60E1FT7	E	60	1	F	T	7	M	64	121.4	62.4	107.1	109.3	114.2	16.36	26	71.0	Robust
F60E1FT8	E	60	1	F	T	8	M	45	120.7	63.9	106.8	100.5	122.9	16.33	21	72.8	Robust
F60E1FT9	E	60	1	F	T	9	M	61	88.9	44.9	93.6	83.6	106.4	16.45	20	71.2	Robust
F60E1FW1	E	60	1	F	W	1	F	36	96.5	51.4	94.7	93.3	106.9	15.80	28	70.5	Robust
F60E1FW2	E	60	1	F	W	2	F	34	110.6	58.3	105.7	108.1	101.7	15.79	24	70.8	Robust
F60E1FW3	E	60	1	F	W	3	F	29	86.0	45.2	93.3	88.0	97.2	15.89	24	70.7	Robust
F60E1FW4	E	60	1	F	W	4	F	38	80.4	41.2	93.7	82.0	93.5	15.92	25	71.5	Robust
F60E1FW5	E	60	1	F	W	5	F	26	112.6	61.3	113.7	91.5	113.9	15.90	24	70.4	Robust
F60E1FW6	E	60	1	F	W	6	F	32	100.5	53.6	89.1	101.3	110.9	15.73	24	70.6	Robust
F60E1FY1	E	60	1	F	Y	1	F	24	100.8	54.1	94.1	96.5	110.9	16.04	24	71.4	Robust
F60E1FY2	E	60	1	F	Y	2	F	24	89.6	49.3	92.6	81.3	111.3	15.98	23	70.5	Robust
F60E1FY3	E	60	1	F	Y	3	F	22	105.8	54.5	94.7	96.7	118.0	15.92	23	70.7	Robust
F60E1FY4	E	60	1	F	Y	4	M	22	64.2	35.6	68.0	70.0	105.2	16.29	24	71.3	Robust
F60E1FY5	E	60	1	F	Y	5	M	22	79.3	44.0	86.5	74.0	108.3	16.21	22	70.7	Robust
F60E1FY6	E	60	1	F	Y	6	M	22	91.8	46.5	98.4	55.9	142.9	16.16	22	70.8	Robust
F60E1VI1	E	60	1	V	I	1	M	58	79.4	41.3	101.0	56.5	115.1	16.33	20	65.3	Robust
F60E1VI10	E	60	1	V	I	10	M	134	98.1	51.3	102.2	90.8	104.3	16.39	53	67.1	Robust
F60E1VI11	E	60	1	V	I	11	M	113	96.1	51.4	105.1	79.1	111.4	16.38	42	66.8	Robust
F60E1VI12	E	60	1	V	I	12	M	167	93.1	49.0	92.5	80.1	118.9	16.17	70	65.0	Robust
F60E1VI13	E	60	1	V	I	13	M	154	103.9	54.4	107.0	82.1	118.4	16.22	67	64.4	Robust
F60E1VI14	E	60	1	V	I	14	F	179	104.9	53.7	102.9	93.6	111.1	16.11	73	65.6	Robust
F60E1VI15	E	60	1	V	I	15	F	145	96.7	50.8	104.8	83.3	107.7	16.11	61	66.7	Robust
F60E1VI2	E	60	1	V	I	2	F	96	81.1	42.5	104.0	65.8	103.0	16.08	37	64.8	Robust
F60E1VI3	E	60	1	V	I	3	M	104	106.7	54.5	103.2	96.8	110.2	16.19	44	65.4	Robust
F60E1VI4	E	60	1	V	I	4	M	104	86.8	45.8	95.4	76.5	109.1	16.28	45	64.3	Robust
F60E1VI5	E	60	1	V	I	5	M	162	98.8	51.4	101.2	82.8	115.6	16.24	65	66.5	Robust
F60E1VI6	E	60	1	V	I	6	M	186	81.8	42.2	93.9	72.8	106.2	16.36	70	66.1	Robust
F60E1VI7	E	60	1	V	I	7	M	147	93.9	48.0	95.9	82.2	113.9	16.47	50	67.1	Robust
F60E1VI8	E	60	1	V	I	8	M	133	85.1	44.3	92.8	75.0	110.6	16.45	54	66.8	Robust
F60E1VI9	E	60	1	V	I	9	M	145	96.4	49.4	106.5	75.1	115.2	16.34	65	67.3	Robust
F60E2VS1	E	60	2	V	S	1	F	95	98.1	51.4	95.2	81.2	123.0	15.97	32	75.6	Robust
F60E2VS10	E	60	2	V	S	10	F	80	109.3	58.4	104.7	89.3	120.9	16.03	32	75.5	Robust
F60E2VS11	E	60	2	V	S	11	F	76	106.3	57.5	100.9	100.1	108.3	15.97	32	76.8	Robust
F60E2VS12	E	60	2	V	S	12	M	41	88.9	47.4	87.5	68.7	132.1	16.43	30	74.0	Robust
F60E2VS13	E	60	2	V	S	13	F	60	102.3	53.6	98.1	93.0	112.7	16.07	34	74.7	Robust
F60E2VS14	E	60	2	V	S	14	F	79	105.3	55.6	90.0	104.6	114.0	15.97	30	77.1	Robust
F60E2VS15	E	60	2	V	S	15	F	86	113.1	60.5	96.4	103.4	119.9	16.06	29	77.7	Robust
F60E2VS16	E	60	2	V	S	16	F	96	99.9	52.2	99.6	85.3	116.2	16.08	37	76.5	Robust
F60E2VS17	E	60	2	V	S	17	F	80	113.1	59.0	107.7	102.1	109.3	15.97	29	74.7	Robust
F60E2VS18	E	60	2	V	S	18	F	101	98.8	52.4	104.9	85.5	108.6	16.05	34	76.6	Robust
F60E2VS19	E	60	2	V	S	19	F	100	107.0	56.2	95.5	92.1	124.4	16.10	36	76.3	Robust
F60E2VS2	E	60	2	V	S	2	F	69	100.1	52.3	90.3	96.6	114.0	16.01	31	75.6	Robust
F60E2VS20	E	60	2	V	S	20	F	86	118.1	62.9	98.2	109.9	118.4	15.91	33	75.7	Robust
F60E2VS21	E	60	2	V	S	21	F	106	108.0	55.9	97.8	96.0	118.8	16.14	35	76.6	Robust
F60E2VS22	E	60	2	V	S	22	M	88	118.2	61.7	108.2	97.0	121.7	16.16	36	75.9	Robust
F60E2VS23	E	60	2	V	S	23	M	81	92.5	48.7	95.8	83.0	110.8	16.18	30	76.5	Robust
F60E2VS24	E	60	2	V	S	24	F	74	93.4	49.2	90.7	93.2	106.5	15.98	29	76.0	Robust
F60E2VS25	E	60	2	V	S	25	F	70	102.7	54.5	100.5	88.9	115.5	15.87	30	76.6	Robust
F60E2VS3	E	60	2	V	S	3	F	77	117.4	62.2	99.4	111.8	114.1	16.02	32	75.8	Robust
F60E2VS4	E	60	2	V	S	4	F	91	107.5	54.6	97.0	103.2	111.0	16.09	31	76.7	Robust
F60E2VS5	E	60	2	V	S	5	F	89	93.2	49.6	95.4	83.7	111.5	15.87	33	76.5	Robust
F60E2VS6	E	60	2	V	S	6	F	93	115.3	61.1	97.4	102.6	123.0	16.04	29	76.9	Robust
F60E2VS7	E	60	2	V	S	7	F	117	115.0	60.8	109.2	93.5	119.9	15.88	40	76.4	Robust
F60E2VS8	E	60	2	V	S	8	F	107	103.2	54.3	96.5	91.6	117.5	16.01	34	76.4	Robust
F60E2VS9	E	60	2	V	S	9	M	102	103.4	54.2	97.0	87.4	122.2	16.16	34	75.8	Robust
F60E2VT1	E	60	2	V	T	1	F	55	87.5	45.6	98.5	77.5	105.7	16.06	17	73.2	Robust
F60E2VT10	E	60	2	V	T	10	F	140	99.6	51.5	99.1	91.8	108.9	16.10	41	75.8	Robust
F60E2VT11	E	60	2	V	T	11	F	120	105.1	54.7	97.1	93.2	118.2	15.98	38	76.1	Robust
F60E2VT12	E	60	2	V	T	12	F	170	101.1	53.4	89.4	95.7	117.7	16.14	57	76.6	Robust
F60E2VT13	E	60	2	V	T	13	F	157	112.2	58.4	99.0	102.4	116.8	16.13	52	76.6	Robust
F60E2VT14	E	60	2	V	T	14	F	164	103.7	54.4	100.6	95.9	109.3	16.13	55	76.7	Robust
F60E2VT15	E	60	2	V	T	15	F	139	96.8	52.0	98.1	90.8	106.6	15.97	46	76.4	Robust
F60E2VT2	E	60	2	V	T	2	F	94	94.7	50.1	107.9	77.4	108.2	15.97	30	74.4	Robust
F60E2VT3	E	60	2	V	T	3	F	102	102.0	53.7	103.4	88.5	111.8	16.00	33	75.0	Robust
F60E2VT4	E	60	2	V	T	4	F	91	95.3	48.1	91.2	87.3	115.5	16.04	32	74.9	Robust
F60E2VT5	E	60	2	V	T	5	F	142	94.8	50.2	96.7	89.5	106.2	15.99	46	74.4	Robust
F60E2VT6	E	60	2	V	T	6	M	166	103.8	54.2	94.5	95.0	117.0	16.15	50	75.2	Robust
F60E2VT7	E	60	2	V	T	7	M	142	81.4	43.2	88.3	71.2	113.9	16.31	42	75.2	Robust
F60E2VT8	E	60	2	V	T	8	M	135	92.2	48.7	91.9	75.8	123.4	16.28	40	75.3	Robust
F60E2VT9	E	60	2	V	T	9	F	154	89.5	46.5	97.3	73.2	115.7	16.12	50	75.4	Robust
F60E2VW1	E	60	2	V	W	1	F	40	108.2	56.8	101.4	95.0	116.3	16.02	22	76.4	Robust
F60E2VW2	E	60	2	V	W	2	F	37	129.2	66.8	108.0	118.0	115.1	15.88	21	76.3	Robust
F60E2VW3	E	60	2	V	W	3	F	29	107.7	57.0	94.1	127.7	91.5	16.07	20	75.1	Robust
F60E2VW4	E	60	2	V	W	4	F	42	117.1	65.9	103.7	98.0	123.8	16.07	27	77.0	Robust
F60E2VW5	E	60	2	V	W	5	F	52	105.4	56.2	89.7	100.5	118.8	16.12	24	76.4	Robust
F60E2VW6	E	60	2	V	W	6	M	40	105.2	56.6	102.1	89.3	117.2	16.21	22	76.5	Robust
F60E2VW7	E	60	2	V	W	7	F	41	107.5	55.7	104.8	98.6	107.8	15.83	22	76.5	Robust
F60E2VW8	E	60	2	V	W	8	F	37	108.9	59.0	108.1	90.5	115.3	15.80	21	76.4	Robust
F60E2VY1	E	60	2	V	Y	1	F	21	114.0	64.2	111.0	108.1	101.3	16.10	21	73.1	Robust
F60E2VY10	E	60	2	V	Y	10	F	22	109.6	62.2	93.7	134.3	89.1	15.97	22	73.3	Robust
F60E2VY2	E	60	2	V	Y	2	F	20	109.1	58.0	111.9	101.2	100.4	15.94	20	74.5	Robust
F60E2VY3	E	60	2	V	Y	3	F	21	112.7	64.7	104.7	114.5	99.4	15.91	21	73.9	Robust
F60E2VY4	E	60	2	V	Y	4	F	22	109.4	53.5	117.4	107.4	89.9	16.08	23	71.8	Robust
F60E2VY5	E	60	2	V	Y	5	F	21	112.0	61.1	97.3	116.7	103.9	15.95	21	72.4	Robust
F60E2VY6	E	60	2	V	Y	6	F	22	125.2	65.6	111.2	133.4	92.9	15.91	20	72.6	Robust
F60E2VY7	E	60	2	V	Y	7	F	20	104.1	54.9	98.1	106.9	101.1	15.90	22	72.8	Robust
F60E2VY8	E	60	2	V	Y	8	M	20	116.8	64.4	119.2	90.6	115.5	16.15	22	73.0	Robust
F60E2VY9	E	60	2	V	Y	9	F	21	130.5	67.5	110.4	138.1	96.1	15.96	20	72.3	Robust
M15R1FR1	R	15	1	F	R	1	M	115	70.4	36.2	83.8	55.5	118.4	16.50	56	67.4	Robust
M15R1FR21	R	15	1	F	R	21	M	44	79.1	41.5	95.3	52.0	127.5	16.37	23	67.1	Robust
M15R1FR22	R	15	1	F	R	22	M	52	92.0	48.9	101.9	58.9	134.3	16.34	28	68.2	Robust
M15R1FR23	R	15	1	F	R	23	M	60	86.6	45.7	96.8	63.3	124.1	16.56	32	68.2	Robust
M15R1FR24	R	15	1	F	R	24	M	61	75.8	39.1	97.4	55.0	114.0	16.59	26	67.9	Robust
M15R1FR25	R	15	1	F	R	25	M	59	68.5	37.5	72.3	64.6	116.0	16.45	26	67.6	Robust
M15R1FR26	R	15	1	F	R	26	M	70	77.3	40.7	98.0	53.6	118.3	16.40	30	68.3	Robust
M15R1FS1	R	15	1	F	S	1	M	48	74.9	38.8	92.5	48.6	127.2	16.29	30	68.7	Robust
M15R1FS10	R	15	1	F	S	10	M	51	98.6	52.1	84.6	80.5	137.9	16.19	32	67.6	Robust
M15R1FS11	R	15	1	F	S	11	M	55	87.1	44.3	83.2	66.4	137.8	16.44	29	67.3	Robust
M15R1FS2	R	15	1	F	S	2	M	60	100.4	53.6	93.6	68.5	146.3	16.16	30	68.7	Robust
M15R1FS3	R	15	1	F	S	3	F	52	106.1	55.9	91.2	84.6	137.0	16.00	32	68.0	Robust
M15R1FS4	R	15	1	F	S	4	F	58	95.1	51.4	96.1	69.9	131.3	16.01	32	68.0	Robust
M15R1FS5	R	15	1	F	S	5	M	72	86.5	45.5	90.7	66.5	126.6	16.23	33	67.9	Robust
M15R1FS6	R	15	1	F	S	6	F	51	98.1	54.7	100.4	62.0	142.9	16.12	32	66.8	Robust
M15R1FS7	R	15	1	F	S	7	M	42	78.5	42.3	92.6	50.2	132.5	16.38	31	66.5	Robust
M15R1FS8	R	15	1	F	S	8	M	53	96.3	50.2	97.7	59.9	146.3	16.24	32	66.7	Robust
M15R1FS9	R	15	1	F	S	9	M	59	80.1	42.2	79.6	62.7	133.8	16.23	30	67.1	Robust
M15R1FT1	R	15	1	F	T	1	M	78	102.9	55.1	95.2	70.4	145.9	16.18	42	68.9	Robust
M15R1FT10	R	15	1	F	T	10	M	113	84.9	46.1	91.1	54.0	141.7	16.22	59	67.0	Robust
M15R1FT11	R	15	1	F	T	11	F	44	106.9	59.1	101.8	68.3	147.7	16.07	27	65.4	Robust
M15R1FT2	R	15	1	F	T	2	F	90	100.6	53.7	98.0	70.4	138.1	16.08	48	68.7	Robust
M15R1FT3	R	15	1	F	T	3	M	20	80.0	43.1	85.1	68.7	118.0	16.37	16	66.5	Robust
M15R1FT4	R	15	1	F	T	4	M	86	95.2	51.1	93.9	64.8	141.6	16.23	47	67.3	Robust
M15R1FT5	R	15	1	F	T	5	M	25	65.8	35.8	105.6	36.5	111.6	16.34	12	67.2	Robust
M15R1FT6	R	15	1	F	T	6	F	77	111.6	59.2	98.0	80.2	143.9	16.08	44	67.7	Robust
M15R1FT7	R	15	1	F	T	7	M	40	74.5	41.9	93.7	42.9	134.2	16.32	22	66.5	Robust
M15R1FT8	R	15	1	F	T	8	M	30	70.4	36.0	87.8	39.3	139.1	16.54	16	67.1	Robust
M15R1FT9	R	15	1	F	T	9	M	30	85.2	48.4	89.4	43.8	162.5	16.29	19	66.4	Robust
M15R1FW1	R	15	1	F	W	1	M	31	78.8	43.5	95.8	60.0	114.8	16.30	22	65.1	Robust
M15R1FW2	R	15	1	F	W	2	M	43	69.3	35.4	79.3	66.2	106.8	16.48	20	66.1	Robust
M15R1FW3	R	15	1	F	W	3	M	41	91.4	49.2	95.5	75.9	117.6	16.31	25	64.1	Robust
M15R1FW4	R	15	1	F	W	4	M	41	83.2	44.3	90.6	60.9	128.5	16.39	23	65.1	Robust
M15R1FY1	R	15	1	F	Y	1	M	21	99.5	54.5	107.2	69.9	126.2	16.21	20	64.8	Robust
M15R1FY2	R	15	1	F	Y	2	M	29	104.3	52.8	90.9	91.1	126.4	16.48	21	65.9	Robust
M15R1FY3	R	15	1	F	Y	3	M	28	86.9	42.6	93.6	70.7	118.4	16.56	21	67.1	Robust
M15R1FY4	R	15	1	F	Y	4	M	28	111.9	60.6	94.5	81.2	147.3	16.34	23	65.8	Robust
M15R1VI1	R	15	1	V	I	1	M	17	73.5	39.9	85.9	50.1	130.5	16.38	13	62.1	Robust
M15R1VI10	R	15	1	V	I	10	M	28	73.5	36.9	93.3	56.4	112.1	16.62	20	59.6	Robust
M15R1VI11	R	15	1	V	I	11	M	33	96.2	51.9	92.1	55.8	160.3	16.34	24	60.9	Robust
M15R1VI12	R	15	1	V	I	12	M	45	77.1	40.8	99.3	57.7	110.8	16.79	30	63.1	Robust
M15R1VI13	R	15	1	V	I	13	M	47	67.6	34.2	83.6	50.1	120.5	16.47	32	60.4	Robust
M15R1VI14	R	15	1	V	I	14	M	24	60.0	34.6	84.0	45.4	109.8	16.92	14	63.6	Robust
M15R1VI15	R	15	1	V	I	15	M	33	64.7	34.2	83.6	46.1	119.9	16.46	25	61.4	Robust
M15R1VI16	R	15	1	V	I	16	M	35	74.0	40.8	97.6	43.5	127.1	16.30	19	60.4	Robust
M15R1VI17	R	15	1	V	I	17	M	14	90.4	44.7	111.3	73.0	103.0	16.35	11	57.6	Robust
M15R1VI18	R	15	1	V	I	18	F	12	110.6	70.7	107.8	88.7	120.2	15.70	13	56.3	Robust
M15R1VI2	R	15	1	V	I	2	M	21	83.3	44.0	114.8	57.7	106.5	16.59	12	63.0	Robust
M15R1VI3	R	15	1	V	I	3	M	55	77.4	41.2	101.3	66.1	98.7	16.47	36	61.4	Robust
M15R1VI4	R	15	1	V	I	4	M	30	90.2	46.3	102.2	65.9	121.0	16.64	18	61.4	Robust
M15R1VI5	R	15	1	V	I	5	M	27	90.1	46.8	87.4	74.1	127.3	16.45	20	61.1	Robust
M15R1VI6	R	15	1	V	I	6	M	30	109.2	58.2	99.5	77.8	141.1	16.36	18	61.7	Robust
M15R1VI7	R	15	1	V	I	7	M	31	76.8	40.3	85.5	62.5	119.5	16.53	25	61.7	Robust
M15R1VI8	R	15	1	V	I	8	M	21	78.0	40.9	106.4	35.6	138.1	16.63	14	59.8	Robust
M15R1VI9	R	15	1	V	I	9	M	17	38.5	21.4	81.0	19.8	98.6	16.62	15	59.2	Robust
M15R2VS1	R	15	2	V	S	1	M	65	61.9	32.3	81.9	46.2	115.2	16.49	30	65.8	Robust
M15R2VS2	R	15	2	V	S	2	M	59	74.0	39.3	86.7	63.2	111.5	16.42	31	65.4	Robust
M15R2VS3	R	15	2	V	S	3	M	57	78.3	41.9	88.5	62.1	119.5	16.49	30	65.3	Robust
M15R2VS4	R	15	2	V	S	4	M	54	66.0	34.6	88.8	50.9	109.4	16.55	31	65.5	Robust
M15R2VS5	R	15	2	V	S	5	M	56	78.6	40.7	88.0	68.3	112.4	16.45	29	65.5	Robust
M15R2VS6	R	15	2	V	S	6	M	67	58.7	31.6	85.7	44.3	106.3	16.49	32	66.6	Robust
M15R2VS7	R	15	2	V	S	7	M	51	72.1	36.9	93.3	44.8	126.4	16.36	31	64.6	Robust
M15R2VT1	R	15	2	V	T	1	M	14	83.9	50.3	84.7	45.7	163.2	16.32	10	70.7	Robust
M15R2VT10	R	15	2	V	T	10	M	24	70.2	35.9	78.4	56.0	123.9	16.42	13	67.7	Robust
M15R2VT11	R	15	2	V	T	11	M	34	58.2	32.1	89.9	48.0	95.3	16.44	16	70.1	Robust
M15R2VT12	R	15	2	V	T	12	M	46	72.4	38.5	78.7	58.5	124.7	16.38	18	68.5	Robust
M15R2VT13	R	15	2	V	T	13	M	44	73.4	38.4	80.9	57.2	125.8	16.44	20	69.2	Robust
M15R2VT14	R	15	2	V	T	14	M	23	95.6	49.9	86.4	66.7	149.6	16.31	12	68.3	Robust
M15R2VT15	R	15	2	V	T	15	M	40	58.2	30.6	73.3	49.7	112.2	16.45	19	69.0	Robust
M15R2VT16	R	15	2	V	T	16	M	34	65.0	34.5	73.8	61.9	110.1	16.31	17	68.8	Robust
M15R2VT17	R	15	2	V	T	17	M	14	68.7	35.7	78.6	49.1	131.0	16.41	8	66.6	Robust
M15R2VT18	R	15	2	V	T	18	M	11	74.7	39.6	83.7	32.9	168.7	16.22	9	67.9	Robust
M15R2VT2	R	15	2	V	T	2	F	20	92.9	50.1	91.1	62.6	144.2	15.94	10	73.4	Robust
M15R2VT3	R	15	2	V	T	3	M	54	81.1	41.5	95.2	55.3	126.8	16.38	23	71.0	Robust
M15R2VT4	R	15	2	V	T	4	M	31	69.6	37.5	82.2	58.1	114.7	16.37	16	68.7	Robust
M15R2VT5	R	15	2	V	T	5	M	24	102.4	49.8	88.1	86.6	132.2	16.45	12	68.6	Robust
M15R2VT6	R	15	2	V	T	6	M	28	81.2	42.6	86.4	59.3	132.1	16.55	12	68.6	Robust
M15R2VT7	R	15	2	V	T	7	M	32	99.8	50.7	90.8	83.1	128.8	16.53	14	70.3	Robust
M15R2VT8	R	15	2	V	T	8	M	27	92.6	48.1	96.3	57.1	145.2	16.28	11	68.8	Robust
M15R2VT9	R	15	2	V	T	9	M	14	69.2	35.9	76.1	54.4	127.3	16.49	8	67.7	Robust
M15R2VW1	R	15	2	V	W	1	M	37	70.3	38.2	83.6	62.0	109.2	16.49	25	64.3	Robust
M15R2VW2	R	15	2	V	W	2	M	35	92.7	47.9	87.3	66.7	142.8	16.28	23	65.4	Robust
M15R2VW3	R	15	2	V	W	3	M	37	93.2	49.1	108.1	67.5	117.6	16.36	22	63.6	Robust
M15R2VW4	R	15	2	V	W	4	M	38	79.5	43.0	93.7	54.7	126.2	16.27	26	63.3	Robust
M15R2VY1	R	15	2	V	Y	1	M	25	108.6	56.5	106.8	79.4	129.3	16.37	21	63.1	Robust
M15R2VY2	R	15	2	V	Y	2	M	29	108.8	59.3	101.0	93.9	118.8	16.32	23	62.5	Robust
M15R2VY3	R	15	2	V	Y	3	M	26	110.9	58.6	104.3	83.1	131.1	16.53	21	64.1	Robust
M15R2VY4	R	15	2	V	Y	4	M	27	58.7	32.2	100.5	48.3	85.8	16.28	22	63.9	Robust
M15R2VY5	R	15	2	V	Y	5	M	28	104.7	56.8	98.2	75.8	137.8	16.24	24	64.2	Robust
M40K1FR1	K	40	1	F	R	1	M	73	83.5	45.7	89.9	84.2	100.3	16.67	40	75.7	Robust
M40K1FR21	K	40	1	F	R	21	M	33	93.5	51.0	97.1	86.3	107.2	16.57	20	76.9	Robust
M40K1FR22	K	40	1	F	R	22	M	38	78.5	43.7	94.6	86.1	85.2	16.62	22	75.0	Robust
M40K1FR23	K	40	1	F	R	23	M	48	99.0	55.0	95.8	98.9	103.8	16.64	26	75.5	Robust
M40K1FR24	K	40	1	F	R	24	M	45	118.2	65.3	97.5	122.3	107.1	16.65	21	73.0	Robust
M40K1FS1	K	40	1	F	S	1	M	44	98.3	55.0	101.3	82.1	115.4	16.45	30	72.9	Robust
M40K1FS10	K	40	1	F	S	10	M	70	92.9	49.1	91.3	96.0	102.0	16.30	32	73.3	Robust
M40K1FS11	K	40	1	F	S	11	M	67	103.5	56.6	93.8	101.5	110.2	16.46	31	73.4	Robust
M40K1FS12	K	40	1	F	S	12	M	69	115.3	62.2	110.2	101.4	110.7	16.40	32	73.3	Robust
M40K1FS13	K	40	1	F	S	13	M	56	89.4	50.9	93.4	83.9	107.2	16.51	30	72.4	Robust
M40K1FS2	K	40	1	F	S	2	M	70	106.4	57.3	100.1	91.4	118.9	16.46	32	75.2	Robust
M40K1FS3	K	40	1	F	S	3	M	80	109.1	58.2	98.8	105.4	109.2	16.38	34	75.2	Robust
M40K1FS4	K	40	1	F	S	4	M	67	116.9	61.6	101.3	101.6	122.2	16.37	30	73.5	Robust
M40K1FS5	K	40	1	F	S	5	M	68	103.9	55.4	95.1	99.8	111.3	16.32	33	73.0	Robust
M40K1FS6	K	40	1	F	S	6	M	75	94.7	52.5	97.8	92.0	102.3	16.54	31	72.8	Robust
M40K1FS7	K	40	1	F	S	7	M	68	125.8	65.7	108.2	122.2	106.3	16.50	30	73.1	Robust
M40K1FS8	K	40	1	F	S	8	M	34	97.1	48.9	93.6	92.7	109.8	16.37	31	70.2	Robust
M40K1FS9	K	40	1	F	S	9	M	78	102.0	55.4	101.1	93.5	108.6	16.36	34	73.5	Robust
M40K1FT1	K	40	1	F	T	1	M	116	81.4	44.6	89.1	80.1	102.2	16.57	47	76.1	Robust
M40K1FT10	K	40	1	F	T	10	M	151	100.0	54.7	101.3	89.7	109.4	16.47	63	75.4	Robust
M40K1FT11	K	40	1	F	T	11	M	69	108.9	60.3	100.8	102.1	110.4	16.36	29	74.3	Robust
M40K1FT2	K	40	1	F	T	2	M	124	88.2	47.1	97.7	86.7	97.5	16.43	48	75.5	Robust
M40K1FT3	K	40	1	F	T	3	M	30	83.5	45.1	95.0	74.3	106.3	16.39	15	74.7	Robust
M40K1FT4	K	40	1	F	T	4	M	110	94.4	50.9	92.8	92.3	106.7	16.41	48	74.4	Robust
M40K1FT5	K	40	1	F	T	5	M	28	99.4	54.1	107.6	93.8	98.0	16.57	12	77.0	Robust
M40K1FT6	K	40	1	F	T	6	M	112	104.7	56.8	101.4	93.2	112.9	16.58	48	76.4	Robust
M40K1FT7	K	40	1	F	T	7	M	56	85.9	47.6	96.6	78.0	104.5	16.47	23	75.5	Robust
M40K1FT8	K	40	1	F	T	8	M	38	92.4	51.8	91.7	95.5	101.3	16.53	17	75.1	Robust
M40K1FT9	K	40	1	F	T	9	M	49	98.0	52.5	99.9	101.6	95.5	16.51	18	75.6	Robust
M40K1FW1	K	40	1	F	W	1	M	10	111.4	61.8	95.3	101.7	120.5	16.26	20	68.8	Robust
M40K1FW2	K	40	1	F	W	2	M	24	112.7	60.7	108.6	92.0	118.7	16.58	23	73.6	Robust
M40K1FW3	K	40	1	F	W	3	M	41	89.0	47.8	107.6	74.8	102.3	16.69	31	74.4	Robust
M40K1FW4	K	40	1	F	W	4	M	29	86.1	47.3	91.5	86.6	100.5	16.73	23	74.3	Robust
M40K1FW5	K	40	1	F	W	5	M	28	91.6	52.1	94.9	86.5	106.2	16.71	24	73.9	Robust
M40K1FW6	K	40	1	F	W	6	M	26	83.5	47.3	103.3	84.7	86.7	16.87	22	73.7	Robust
M40K1FW7	K	40	1	F	W	7	M	23	95.2	51.8	93.1	79.4	122.6	16.48	20	72.7	Robust
M40K1FY1	K	40	1	F	Y	1	M	17	111.6	60.7	101.5	97.5	118.5	16.60	25	73.5	Robust
M40K1FY2	K	40	1	F	Y	2	M	25	126.6	64.6	104.7	106.5	127.0	16.59	26	73.7	Robust
M40K1FY3	K	40	1	F	Y	3	M	20	130.3	66.9	96.6	106.2	142.1	16.64	21	72.7	Robust
M40K1FY4	K	40	1	F	Y	4	M	22	78.0	42.2	83.8	74.4	108.5	16.58	21	71.0	Robust
M40K1FY5	K	40	1	F	Y	5	M	21	113.5	58.8	100.1	110.3	109.3	16.77	19	72.2	Robust
M40K1FY6	K	40	1	F	Y	6	M	19	110.2	59.3	110.8	94.8	109.6	16.67	21	72.6	Robust
M40K1VI1	K	40	1	V	I	1	M	87	120.7	65.0	98.5	105.6	126.4	16.20	55	69.2	Robust
M40K1VI10	K	40	1	V	I	10	M	60	98.1	52.3	102.8	92.2	102.4	16.16	49	75.2	Robust
M40K1VI11	K	40	1	V	I	11	M	111	106.9	56.6	102.3	98.6	109.5	16.24	61	68.9	Robust
M40K1VI12	K	40	1	V	I	12	F	60	100.9	54.1	97.5	82.8	123.2	16.13	49	69.4	Robust
M40K1VI2	K	40	1	V	I	2	M	71	108.2	55.7	107.8	86.4	119.2	16.28	44	68.8	Robust
M40K1VI3	K	40	1	V	I	3	F	101	114.3	58.4	100.1	99.4	122.0	16.09	72	66.8	Robust
M40K1VI4	K	40	1	V	I	4	F	73	116.0	60.5	101.4	91.2	132.6	15.99	47	67.2	Robust
M40K1VI5	K	40	1	V	I	5	F	53	130.9	69.4	105.9	114.6	123.0	16.06	23	70.6	Robust
M40K1VI6	K	40	1	V	I	6	F	31	132.5	68.5	104.9	109.9	131.3	15.88	20	68.1	Robust
M40K1VI7	K	40	1	V	I	7	M	65	110.9	57.0	108.0	95.4	113.0	16.21	36	70.5	Robust
M40K1VI8	K	40	1	V	I	8	F	57	114.4	60.6	107.0	102.7	111.3	16.00	31	70.0	Robust
M40K1VI9	K	40	1	V	I	9	F	24	115.5	60.4	104.9	92.2	126.9	16.03	25	63.8	Robust
M40K2VS1	K	40	2	V	S	1	M	44	77.9	43.1	96.6	67.5	102.8	16.51	32	75.7	Robust
M40K2VS10	K	40	2	V	S	10	M	99	104.6	57.3	100.2	90.9	116.6	16.22	41	77.3	Robust
M40K2VS11	K	40	2	V	S	11	M	64	102.3	55.4	108.9	71.5	126.9	16.30	32	76.1	Robust
M40K2VS2	K	40	2	V	S	2	M	86	113.5	61.7	99.6	93.4	128.3	16.31	37	76.4	Robust
M40K2VS3	K	40	2	V	S	3	M	77	87.6	48.0	94.6	77.3	110.3	16.48	30	77.6	Robust
M40K2VS4	K	40	2	V	S	4	M	81	88.1	47.9	99.8	75.8	107.4	16.44	31	78.2	Robust
M40K2VS5	K	40	2	V	S	5	M	66	92.8	50.6	95.0	91.3	102.9	16.27	29	76.5	Robust
M40K2VS6	K	40	2	V	S	6	M	61	115.9	62.8	101.1	97.4	125.6	16.23	29	76.6	Robust
M40K2VS7	K	40	2	V	S	7	M	69	107.5	56.8	97.1	84.8	132.0	16.24	32	76.9	Robust
M40K2VS8	K	40	2	V	S	8	M	72	84.5	46.1	104.9	59.8	115.8	16.22	30	76.9	Robust
M40K2VS9	K	40	2	V	S	9	M	81	99.4	52.7	99.3	89.0	111.4	16.20	35	77.2	Robust
M40K2VT1	K	40	2	V	T	1	M	102	100.9	53.9	98.2	95.3	108.2	16.45	37	78.1	Robust
M40K2VT10	K	40	2	V	T	10	M	87	87.2	48.0	94.4	83.7	102.7	16.41	35	78.0	Robust
M40K2VT11	K	40	2	V	T	11	M	104	104.5	58.0	100.7	89.7	117.3	16.36	40	77.6	Robust
M40K2VT12	K	40	2	V	T	12	M	70	118.5	64.0	103.6	106.5	116.8	16.25	29	76.2	Robust
M40K2VT2	K	40	2	V	T	2	M	86	100.3	54.0	104.9	90.9	104.9	16.39	30	77.9	Robust
M40K2VT3	K	40	2	V	T	3	M	88	97.0	52.7	97.5	84.7	114.3	16.19	34	78.6	Robust
M40K2VT4	K	40	2	V	T	4	M	70	92.6	49.4	96.3	89.2	103.4	16.49	29	76.0	Robust
M40K2VT5	K	40	2	V	T	5	M	55	112.0	59.9	101.2	111.6	104.9	16.32	21	76.8	Robust
M40K2VT6	K	40	2	V	T	6	M	31	104.8	53.6	97.9	80.2	132.5	16.42	11	79.0	Robust
M40K2VT7	K	40	2	V	T	7	M	72	85.0	45.2	95.3	74.7	108.1	16.38	25	78.6	Robust
M40K2VT8	K	40	2	V	T	8	M	64	99.0	55.8	96.5	76.4	129.2	16.33	21	78.1	Robust
M40K2VT9	K	40	2	V	T	9	M	35	79.1	41.7	92.7	69.2	106.9	16.53	18	78.6	Robust
M40K2VW1	K	40	2	V	W	1	M	33	97.4	54.8	92.9	102.5	100.8	16.43	31	75.5	Robust
M40K2VW2	K	40	2	V	W	2	M	33	120.4	64.8	102.3	129.6	98.5	16.59	27	76.5	Robust
M40K2VW3	K	40	2	V	W	3	M	24	88.5	45.8	104.7	75.7	103.3	16.92	24	75.7	Robust
M40K2VW4	K	40	2	V	W	4	M	30	95.3	51.1	88.6	80.6	126.7	16.62	27	75.8	Robust
M40K2VW5	K	40	2	V	W	5	M	41	92.1	49.6	102.9	86.7	98.6	16.52	30	76.2	Robust
M40K2VW6	K	40	2	V	W	6	M	31	92.7	51.8	116.4	74.6	100.2	16.42	24	75.4	Robust
M40K2VY1	K	40	2	V	Y	1	M	11	98.9	53.4	115.2	96.7	87.5	16.33	21	72.3	Robust
M40K2VY2	K	40	2	V	Y	2	M	20	130.7	73.1	105.4	105.5	133.1	16.48	22	74.5	Robust
M40K2VY3	K	40	2	V	Y	3	F	22	126.6	68.1	103.2	101.1	134.8	16.13	21	74.3	Robust
M40K2VY4	K	40	2	V	Y	4	M	19	118.5	63.0	110.9	115.1	100.8	16.27	20	73.2	Robust
M40K2VY5	K	40	2	V	Y	5	F	20	151.6	86.0	115.1	139.9	115.2	16.12	20	73.9	Robust
M40K2VY6	K	40	2	V	Y	6	M	21	123.7	69.5	105.4	91.9	139.1	16.24	20	72.8	Robust
M40K2VY7	K	40	2	V	Y	7	M	19	110.4	68.4	116.8	104.3	94.7	16.33	20	72.9	Robust
M40K2VY8	K	40	2	V	Y	8	F	28	133.1	71.8	109.6	112.6	124.3	16.01	26	71.3	Robust
M56H1FR1	H	56	1	F	R	1	M	122	104.0	56.6	104.1	89.2	113.4	16.82	51	72.3	Robust
M56H1FR21	H	56	1	F	R	21	M	42	147.4	78.2	107.6	137.7	119.8	16.72	31	73.1	Robust
M56H1FR210	H	56	1	F	R	210	M	70	99.5	52.8	95.5	92.6	111.7	16.65	25	73.2	Robust
M56H1FR211	H	56	1	F	R	211	M	86	109.0	59.3	113.4	91.0	109.6	16.89	34	72.7	Robust
M56H1FR212	H	56	1	F	R	212	M	66	90.0	48.6	91.3	84.6	109.7	17.01	25	71.6	Robust
M56H1FR22	H	56	1	F	R	22	M	55	116.3	66.5	101.0	110.5	112.1	16.65	25	70.8	Robust
M56H1FR23	H	56	1	F	R	23	M	48	118.2	65.5	117.8	98.3	110.6	16.96	21	72.4	Robust
M56H1FR24	H	56	1	F	R	24	M	51	94.9	52.4	104.0	95.2	93.2	16.68	22	70.3	Robust
M56H1FR25	H	56	1	F	R	25	M	51	100.3	52.6	108.8	88.3	103.9	16.70	20	71.3	Robust
M56H1FR26	H	56	1	F	R	26	M	64	132.5	72.6	101.8	135.6	109.3	16.44	29	73.0	Robust
M56H1FR27	H	56	1	F	R	27	M	65	98.6	54.4	104.6	88.0	105.8	16.83	27	73.3	Robust
M56H1FR28	H	56	1	F	R	28	M	73	100.7	54.9	105.1	93.5	102.5	16.96	28	71.7	Robust
M56H1FR29	H	56	1	F	R	29	M	49	109.8	57.0	103.5	99.7	111.4	16.75	20	72.6	Robust
M56H1FS1	H	56	1	F	S	1	M	62	126.8	67.7	111.8	92.1	136.0	16.69	31	71.7	Robust
M56H1FS10	H	56	1	F	S	10	M	54	112.8	59.5	111.1	83.6	126.1	16.48	31	72.9	Robust
M56H1FS11	H	56	1	F	S	11	M	64	90.9	48.7	99.3	67.2	123.6	16.80	31	71.6	Robust
M56H1FS12	H	56	1	F	S	12	M	67	97.4	53.5	101.5	74.7	122.7	16.80	33	71.5	Robust
M56H1FS13	H	56	1	F	S	13	M	81	105.5	57.2	99.6	92.3	117.1	16.68	35	73.0	Robust
M56H1FS14	H	56	1	F	S	14	M	65	98.8	51.9	89.7	95.7	113.5	16.81	30	72.0	Robust
M56H1FS15	H	56	1	F	S	15	M	68	81.6	44.1	96.5	67.0	110.1	16.80	33	71.9	Robust
M56H1FS16	H	56	1	F	S	16	M	70	87.5	47.2	87.4	76.2	119.6	16.60	32	73.4	Robust
M56H1FS17	H	56	1	F	S	17	M	64	86.3	45.6	96.0	61.8	126.5	16.81	32	71.9	Robust
M56H1FS2	H	56	1	F	S	2	M	85	96.0	51.8	96.6	80.0	119.2	16.87	38	72.4	Robust
M56H1FS3	H	56	1	F	S	3	M	69	102.9	54.7	99.0	88.5	117.9	16.72	33	72.9	Robust
M56H1FS4	H	56	1	F	S	4	M	61	103.0	56.0	104.5	83.1	118.4	16.82	33	71.2	Robust
M56H1FS5	H	56	1	F	S	5	M	73	107.1	57.8	103.5	90.2	117.6	16.57	31	72.7	Robust
M56H1FS6	H	56	1	F	S	6	M	57	102.7	54.5	106.3	79.4	120.4	16.79	29	72.8	Robust
M56H1FS7	H	56	1	F	S	7	M	65	99.5	53.6	110.9	69.3	123.0	16.63	31	71.6	Robust
M56H1FS8	H	56	1	F	S	8	M	62	93.1	51.8	111.3	67.7	113.9	16.74	30	71.9	Robust
M56H1FS9	H	56	1	F	S	9	M	66	114.7	59.7	101.2	102.0	118.6	16.77	37	71.4	Robust
M56H1FT1	H	56	1	F	T	1	M	126	98.1	52.6	102.4	74.7	123.0	16.90	48	72.6	Robust
M56H1FT10	H	56	1	F	T	10	M	190	108.4	57.4	107.0	84.5	122.6	16.81	72	73.0	Robust
M56H1FT11	H	56	1	F	T	11	M	86	92.5	51.0	100.7	69.3	122.1	16.89	32	72.0	Robust
M56H1FT2	H	56	1	F	T	2	M	136	113.0	59.2	106.6	84.2	130.6	16.73	50	72.4	Robust
M56H1FT3	H	56	1	F	T	3	M	43	106.4	56.4	102.3	77.6	133.2	16.86	16	73.0	Robust
M56H1FT3-1	H	56	1	F	T	3-1	M	46	125.5	68.2	107.7	102.4	126.8	16.65	18	73.6	Robust
M56H1FT4	H	56	1	F	T	4	M	136	96.0	51.6	97.6	79.6	118.6	16.84	51	72.3	Robust
M56H1FT5	H	56	1	F	T	5	M	38	122.6	64.1	106.2	92.9	135.2	16.58	17	72.2	Robust
M56H1FT6	H	56	1	F	T	6	M	131	105.0	57.3	103.7	89.1	115.4	16.62	51	73.3	Robust
M56H1FT7	H	56	1	F	T	7	M	55	83.3	46.3	109.3	56.0	114.1	16.86	26	72.1	Robust
M56H1FT8	H	56	1	F	T	8	M	44	78.7	44.8	106.6	47.8	120.0	16.79	20	71.6	Robust
M56H1FT9	H	56	1	F	T	9	M	47	135.8	70.8	106.0	122.7	121.2	16.79	23	71.7	Robust
M56H1FW1	H	56	1	F	W	1	M	41	91.1	49.4	98.0	68.4	124.0	16.75	25	71.8	Robust
M56H1FW2	H	56	1	F	W	2	M	35	111.9	61.3	98.0	106.2	113.3	16.74	24	73.1	Robust
M56H1FW3	H	56	1	F	W	3	M	28	113.7	61.6	114.3	74.7	135.4	16.95	20	72.5	Robust
M56H1FW4	H	56	1	F	W	4	M	29	92.5	52.2	95.7	73.7	122.3	16.83	20	72.0	Robust
M56H1FW5	H	56	1	F	W	5	M	31	72.2	40.3	97.2	54.7	107.6	17.04	22	72.3	Robust
M56H1FW6	H	56	1	F	W	6	M	30	114.0	61.6	104.6	91.8	125.2	16.83	20	73.0	Robust
M56H1FY1	H	56	1	F	Y	1	M	21	70.9	40.4	86.8	51.7	121.2	17.22	25	71.8	Robust
M56H1FY2	H	56	1	F	Y	2	M	28	116.5	62.1	104.6	100.4	119.3	16.92	26	73.6	Robust
M56H1FY3	H	56	1	F	Y	3	M	22	94.3	49.4	97.0	73.2	124.6	16.94	21	74.9	Robust
M56H1FY4	H	56	1	F	Y	4	M	21	78.8	47.6	117.3	36.0	126.6	17.16	22	74.5	Robust
M56H1FY5	H	56	1	F	Y	5	M	22	96.4	52.1	107.0	69.5	121.6	16.99	21	74.2	Robust
M56H1FY6	H	56	1	F	Y	6	M	21	96.9	53.3	94.0	73.6	132.0	16.90	21	74.2	Robust
M56H1VI1	H	56	1	V	I	1	M	87	108.1	56.3	104.8	92.5	115.3	16.82	46	66.2	Robust
M56H1VI10	H	56	1	V	I	10	M	27	85.7	45.6	94.3	60.0	130.1	16.45	17	65.9	Robust
M56H1VI11	H	56	1	V	I	11	M	69	111.1	58.5	95.5	97.7	124.1	16.70	42	64.7	Robust
M56H1VI12	H	56	1	V	I	12	M	109	121.4	64.2	110.0	89.8	132.8	16.35	55	66.1	Robust
M56H1VI2	H	56	1	V	I	2	M	177	123.7	63.7	111.7	109.3	112.7	16.67	101	66.9	Robust
M56H1VI3	H	56	1	V	I	3	M	89	104.8	56.7	106.7	91.0	109.9	16.66	44	68.6	Robust
M56H1VI4	H	56	1	V	I	4	M	16	173.3	89.9	110.2	183.2	108.3	16.97	11	67.2	Robust
M56H1VI5	H	56	1	V	I	5	M	17	134.4	69.5	118.7	104.9	124.7	16.64	10	63.9	Robust
M56H1VI6	H	56	1	V	I	6	F	18	123.8	57.4	112.7	76.0	151.5	16.12	10	63.7	Robust
M56H1VI7	H	56	1	V	I	7	M	80	115.3	59.6	115.0	92.7	115.3	16.75	42	66.6	Robust
M56H1VI8	H	56	1	V	I	8	M	63	113.3	59.0	103.0	83.0	136.8	16.78	40	64.8	Robust
M56H1VI9	H	56	1	V	I	9	F	22	118.7	62.8	104.4	79.5	148.6	15.83	21	63.4	Robust
M56H2VS1	H	56	2	V	S	1	M	86	115.2	61.7	112.7	89.9	120.7	16.88	33	70.9	Robust
M56H2VS10	H	56	2	V	S	10	M	69	75.9	41.5	99.3	59.4	106.3	17.07	30	70.4	Robust
M56H2VS2	H	56	2	V	S	2	M	88	114.0	59.1	107.3	93.9	119.8	16.94	35	70.8	Robust
M56H2VS3	H	56	2	V	S	3	M	80	101.1	52.0	99.8	84.9	118.3	16.79	32	70.2	Robust
M56H2VS4	H	56	2	V	S	4	M	86	100.8	55.2	106.3	79.7	117.1	16.83	32	70.5	Robust
M56H2VS5	H	56	2	V	S	5	M	96	111.0	57.8	100.9	93.3	123.0	16.66	33	70.4	Robust
M56H2VS6	H	56	2	V	S	6	M	91	96.4	52.0	99.6	81.0	115.4	16.84	37	71.1	Robust
M56H2VS7	H	56	2	V	S	7	M	94	73.0	38.5	100.4	53.0	108.0	16.87	36	71.3	Robust
M56H2VS8	H	56	2	V	S	8	M	81	96.5	50.5	101.5	77.8	117.3	16.84	32	70.9	Robust
M56H2VS9	H	56	2	V	S	9	M	83	88.5	46.7	101.1	72.9	110.4	16.90	33	71.2	Robust
M56H2VT1	H	56	2	V	T	1	M	102	91.0	49.3	102.8	71.1	114.9	16.71	42	70.6	Robust
M56H2VT10	H	56	2	V	T	10	M	35	93.1	50.4	107.4	66.9	119.0	16.79	14	69.8	Robust
M56H2VT11	H	56	2	V	T	11	M	55	123.3	64.7	101.9	118.5	113.1	17.02	23	69.7	Robust
M56H2VT12	H	56	2	V	T	12	M	139	97.7	52.0	103.6	79.2	115.4	16.69	50	70.8	Robust
M56H2VT2	H	56	2	V	T	2	M	194	103.1	54.4	110.9	78.8	117.0	16.83	78	70.1	Robust
M56H2VT3	H	56	2	V	T	3	M	107	92.3	48.2	104.5	72.6	113.5	16.78	39	69.8	Robust
M56H2VT4	H	56	2	V	T	4	M	15	111.9	65.3	111.2	81.1	127.6	16.94	8	69.7	Robust
M56H2VT5	H	56	2	V	T	5	M	16	90.2	48.6	111.5	82.3	92.2	16.79	8	68.8	Robust
M56H2VT6	H	56	2	V	T	6	M	11	129.3	67.4	104.7	114.1	122.6	16.96	7	67.6	Robust
M56H2VT7	H	56	2	V	T	7	M	84	140.6	72.3	105.5	125.3	125.4	16.84	33	69.9	Robust
M56H2VT8	H	56	2	V	T	8	M	64	96.6	54.0	106.7	75.2	115.2	16.91	27	70.3	Robust
M56H2VT9	H	56	2	V	T	9	M	29	84.8	44.4	94.9	61.0	125.9	16.81	13	69.7	Robust
M56H2VW1	H	56	2	V	W	1	M	30	88.1	47.6	88.4	94.3	99.1	16.90	22	71.1	Robust
M56H2VW2	H	56	2	V	W	2	M	42	104.1	53.4	92.7	101.1	112.8	17.17	21	71.7	Robust
M56H2VW3	H	56	2	V	W	3	M	31	78.4	43.3	98.6	62.5	107.9	17.01	20	71.8	Robust
M56H2VW4	H	56	2	V	W	4	M	27	76.2	42.7	111.4	50.8	106.2	16.89	20	71.3	Robust
M56H2VW5	H	56	2	V	W	5	M	34	101.9	55.3	106.1	71.0	130.1	16.86	20	73.4	Robust
M56H2VW6	H	56	2	V	W	6	M	49	83.4	44.0	84.1	88.5	101.8	16.72	26	73.4	Robust
M56H2VY1	H	56	2	V	Y	1	M	21	72.0	39.7	117.8	34.1	115.9	16.75	20	70.8	Robust
M56H2VY2	H	56	2	V	Y	2	M	28	119.5	61.9	109.0	84.1	138.2	16.69	18	75.1	Robust
M56H2VY3	H	56	2	V	Y	3	M	17	101.7	58.8	90.6	99.7	112.9	16.96	20	71.4	Robust
M56H2VY4	H	56	2	V	Y	4	M	21	94.0	51.4	120.0	72.9	100.9	16.76	20	72.2	Robust
M56H2VY5	H	56	2	V	Y	5	M	20	150.9	77.4	91.7	125.9	155.0	16.58	20	73.2	Robust
M56H2VY6	H	56	2	V	Y	6	M	20	104.6	60.7	108.5	84.6	115.1	16.73	20	72.1	Robust
M56H2VY7	H	56	2	V	Y	7	M	18	97.3	55.2	104.5	81.4	111.3	16.99	19	72.8	Robust
M56H2VY8	H	56	2	V	Y	8	M	30	124.1	74.7	106.8	114.1	113.4	17.15	29	73.0	Robust
M56H2VY9	H	56	2	V	Y	9	M	27	103.2	53.9	98.2	99.8	106.9	16.87	23	72.6	Robust
M58D1FR1	D	58	1	F	R	1	M	134	90.5	47.0	93.0	83.2	110.1	16.75	61	70.1	Robust
M58D1FR21	D	58	1	F	R	21	M	36	81.1	43.1	106.2	67.1	99.3	16.87	22	71.2	Robust
M58D1FR22	D	58	1	F	R	22	M	76	72.7	39.5	83.1	69.6	105.0	16.91	33	71.0	Robust
M58D1FR23	D	58	1	F	R	23	M	41	91.3	47.7	97.9	98.8	90.1	16.61	21	70.3	Robust
M58D1FR24	D	58	1	F	R	24	M	40	112.4	59.5	109.1	87.5	122.8	16.72	21	70.0	Robust
M58D1FR25	D	58	1	F	R	25	M	56	81.1	43.9	81.8	84.0	105.2	16.98	24	71.2	Robust
M58D1FR26	D	58	1	F	R	26	M	111	122.0	63.3	99.2	109.3	123.5	16.57	44	71.9	Robust
M58D1FR27	D	58	1	F	R	27	M	48	78.4	42.1	84.7	75.3	107.1	16.77	20	71.5	Robust
M58D1FR28	D	58	1	F	R	28	M	85	76.6	41.3	87.3	74.2	102.2	16.76	34	71.4	Robust
M58D1FR29	D	58	1	F	R	29	M	54	84.6	44.8	78.7	92.7	105.5	16.71	22	70.2	Robust
M58D1FS1	D	58	1	F	S	1	M	60	89.0	46.3	90.0	86.0	107.8	16.82	35	72.5	Robust
M58D1FS10	D	58	1	F	S	10	M	35	99.9	52.7	95.4	89.9	115.5	16.73	29	71.0	Robust
M58D1FS11	D	58	1	F	S	11	M	43	85.6	47.5	88.9	70.1	122.3	16.92	31	73.6	Robust
M58D1FS12	D	58	1	F	S	12	M	53	117.5	61.9	94.8	109.9	121.4	16.53	33	75.4	Robust
M58D1FS13	D	58	1	F	S	13	M	49	101.0	55.2	89.4	101.1	111.6	16.60	30	74.4	Robust
M58D1FS14	D	58	1	F	S	14	M	54	103.6	54.7	98.9	92.8	114.2	16.74	34	73.8	Robust
M58D1FS15	D	58	1	F	S	15	M	50	89.0	47.7	93.8	69.6	123.5	17.02	29	74.7	Robust
M58D1FS16	D	58	1	F	S	16	M	54	85.8	45.5	80.8	83.4	115.7	16.79	32	74.7	Robust
M58D1FS17	D	58	1	F	S	17	M	53	87.9	46.5	92.8	74.8	116.1	16.81	30	73.9	Robust
M58D1FS18	D	58	1	F	S	18	M	52	91.5	49.1	104.4	70.3	115.2	16.55	33	73.7	Robust
M58D1FS19	D	58	1	F	S	19	M	50	92.3	49.4	90.0	90.4	108.4	16.67	31	74.1	Robust
M58D1FS2	D	58	1	F	S	2	M	50	80.9	41.1	77.6	100.4	92.5	16.76	29	73.0	Robust
M58D1FS3	D	58	1	F	S	3	M	51	88.6	47.6	90.1	70.9	125.5	16.77	32	72.7	Robust
M58D1FS4	D	58	1	F	S	4	M	70	97.8	51.1	89.9	99.8	107.4	16.64	36	73.1	Robust
M58D1FS5	D	58	1	F	S	5	M	60	92.1	49.3	93.8	81.7	113.7	16.76	33	74.1	Robust
M58D1FS6	D	58	1	F	S	6	M	52	116.2	59.7	99.1	97.1	128.6	16.66	32	73.9	Robust
M58D1FS7	D	58	1	F	S	7	M	65	92.1	50.4	85.2	88.0	116.3	16.60	33	74.0	Robust
M58D1FS8	D	58	1	F	S	8	M	70	103.0	54.5	96.6	92.4	116.2	16.55	37	74.2	Robust
M58D1FS9	D	58	1	F	S	9	M	34	81.9	45.7	90.3	58.3	129.9	16.74	30	72.5	Robust
M58D1FT1	D	58	1	F	T	1	M	109	101.1	53.5	94.2	85.1	124.4	16.59	54	75.1	Robust
M58D1FT10	D	58	1	F	T	10	M	178	93.5	49.1	86.0	87.5	118.2	16.69	83	75.3	Robust
M58D1FT11	D	58	1	F	T	11	M	71	105.3	55.9	96.1	103.6	108.4	16.74	38	74.9	Robust
M58D1FT2	D	58	1	F	T	2	M	118	94.5	50.0	86.7	85.8	121.4	16.69	53	75.5	Robust
M58D1FT3	D	58	1	F	T	3	M	30	76.7	40.5	90.2	60.0	117.2	16.85	15	76.7	Robust
M58D1FT4	D	58	1	F	T	4	M	113	88.8	46.9	85.7	80.2	119.1	16.80	55	75.5	Robust
M58D1FT5	D	58	1	F	T	5	M	29	80.0	45.5	109.0	55.5	109.1	16.53	14	76.4	Robust
M58D1FT6	D	58	1	F	T	6	M	102	106.8	57.7	109.8	82.2	119.7	16.63	56	76.4	Robust
M58D1FT7	D	58	1	F	T	7	M	55	94.1	50.6	94.3	76.5	123.1	16.67	26	77.0	Robust
M58D1FT8	D	58	1	F	T	8	M	43	87.7	47.8	90.5	78.3	113.8	16.71	20	77.3	Robust
M58D1FT9	D	58	1	F	T	9	M	49	85.6	45.2	74.6	91.9	113.1	16.65	22	75.9	Robust
M58D1FW1	D	58	1	F	W	1	M	9	141.8	80.7	131.4	114.2	112.2	16.73	19	67.3	Robust
M58D1FW10	D	58	1	F	W	10	M	18	77.8	42.4	89.7	79.8	95.4	16.74	20	70.5	Robust
M58D1FW11	D	58	1	F	W	11	M	16	159.7	86.7	110.0	142.0	128.2	16.58	20	70.2	Robust
M58D1FW12	D	58	1	F	W	12	M	15	77.4	46.3	79.7	54.9	140.0	16.82	19	70.0	Robust
M58D1FW2	D	58	1	F	W	2	M	13	124.9	67.2	106.7	115.2	113.5	16.95	21	68.3	Robust
M58D1FW3	D	58	1	F	W	3	M	13	98.8	51.4	103.8	67.4	132.4	16.93	20	69.6	Robust
M58D1FW4	D	58	1	F	W	4	M	12	95.0	52.8	90.9	88.2	114.3	16.86	20	68.8	Robust
M58D1FW5	D	58	1	F	W	5	M	16	107.0	54.0	94.3	86.6	132.5	16.55	20	67.6	Robust
M58D1FW6	D	58	1	F	W	6	M	22	87.2	47.0	83.9	90.1	106.9	16.75	21	69.3	Robust
M58D1FW7	D	58	1	F	W	7	M	18	117.9	62.6	108.7	98.7	118.7	16.81	21	68.3	Robust
M58D1FW8	D	58	1	F	W	8	M	17	85.1	46.2	103.1	56.1	124.0	16.78	20	68.9	Robust
M58D1FW9	D	58	1	F	W	9	M	17	96.0	51.8	86.5	131.7	79.9	16.78	20	69.7	Robust
M58D1FY1	D	58	1	F	Y	1	M	12	122.2	62.2	97.8	130.9	104.3	16.57	21	69.2	Robust
M58D1FY10	D	58	1	F	Y	10	M	13	116.7	64.6	108.0	122.9	94.1	16.79	20	68.7	Robust
M58D1FY11	D	58	1	F	Y	11	M	12	105.8	51.3	82.2	104.2	124.3	16.86	21	68.6	Robust
M58D1FY2	D	58	1	F	Y	2	M	11	88.4	43.3	75.0	74.9	139.4	16.81	19	68.2	Robust
M58D1FY3	D	58	1	F	Y	3	M	11	72.3	48.5	74.6	62.6	124.1	16.80	19	69.4	Robust
M58D1FY4	D	58	1	F	Y	4	M	11	108.6	60.0	96.8	82.3	137.4	16.75	20	69.3	Robust
M58D1FY5	D	58	1	F	Y	5	M	11	144.7	73.1	91.8	162.5	112.1	16.88	20	69.1	Robust
M58D1FY6	D	58	1	F	Y	6	M	11	66.7	35.0	103.9	52.0	93.7	17.32	20	67.7	Robust
M58D1FY7	D	58	1	F	Y	7	M	13	144.4	76.2	133.3	132.5	96.6	16.93	20	70.4	Robust
M58D1FY8	D	58	1	F	Y	8	M	11	90.8	51.5	66.5	92.9	132.3	16.90	20	68.2	Robust
M58D1FY9	D	58	1	F	Y	9	M	11	142.9	77.8	100.3	125.5	134.1	16.81	20	69.7	Robust
M58D1VI1	D	58	1	V	I	1	M	145	84.4	44.2	91.9	67.4	120.0	16.62	80	69.7	Robust
M58D1VI1	D	58	1	V	I	1	M	145	84.4	44.2	91.9	67.4	120.0	16.62	80	69.7	Robust
M58D1VI10	D	58	1	V	I	10	M	183	85.1	44.3	92.2	78.9	106.7	16.60	84	71.0	Robust
M58D1VI10	D	58	1	V	I	10	M	183	85.1	44.3	92.2	78.9	106.7	16.60	84	71.0	Robust
M58D1VI2	D	58	1	V	I	2	M	101	92.0	46.8	91.1	86.4	111.2	16.56	47	70.9	Robust
M58D1VI2	D	58	1	V	I	2	M	101	92.0	46.8	91.1	86.4	111.2	16.56	47	70.9	Robust
M58D1VI3	D	58	1	V	I	3	M	124	101.2	52.9	98.8	86.9	117.2	16.45	56	70.3	Robust
M58D1VI3	D	58	1	V	I	3	M	124	101.2	52.9	98.8	86.9	117.2	16.45	56	70.3	Robust
M58D1VI4	D	58	1	V	I	4	M	86	95.6	50.1	102.2	82.9	109.1	16.57	43	71.3	Robust
M58D1VI4	D	58	1	V	I	4	M	86	95.6	50.1	102.2	82.9	109.1	16.57	43	71.3	Robust
M58D1VI5	D	58	1	V	I	5	M	143	85.9	45.6	94.3	69.6	117.3	16.57	66	71.7	Robust
M58D1VI5	D	58	1	V	I	5	M	143	85.9	45.6	94.3	69.6	117.3	16.57	66	71.7	Robust
M58D1VI6	D	58	1	V	I	6	M	150	103.7	54.1	98.9	85.1	123.2	16.52	76	72.7	Robust
M58D1VI6	D	58	1	V	I	6	M	150	103.7	54.1	98.9	85.1	123.2	16.52	76	72.7	Robust
M58D1VI7	D	58	1	V	I	7	M	115	104.5	53.6	95.2	93.5	118.9	16.46	53	71.0	Robust
M58D1VI7	D	58	1	V	I	7	M	115	104.5	53.6	95.2	93.5	118.9	16.46	53	71.0	Robust
M58D1VI8	D	58	1	V	I	8	M	138	94.3	48.4	97.6	80.8	114.4	16.46	62	69.4	Robust
M58D1VI8	D	58	1	V	I	8	M	138	94.3	48.4	97.6	80.8	114.4	16.46	62	69.4	Robust
M58D1VI9	D	58	1	V	I	9	M	93	89.3	45.4	88.7	84.3	111.7	16.54	53	70.3	Robust
M58D1VI9	D	58	1	V	I	9	M	93	89.3	45.4	88.7	84.3	111.7	16.54	53	70.3	Robust
M58D2VS1	D	58	2	V	S	1	M	70	90.5	48.0	93.3	78.2	115.8	16.71	33	76.6	Robust
M58D2VS10	D	58	2	V	S	10	M	69	94.0	49.9	93.9	91.3	106.0	16.49	35	75.2	Robust
M58D2VS11	D	58	2	V	S	11	M	67	106.9	57.4	104.5	88.1	118.7	16.23	29	75.9	Robust
M58D2VS12	D	58	2	V	S	12	M	69	86.1	44.8	95.2	67.5	119.3	16.44	32	75.7	Robust
M58D2VS13	D	58	2	V	S	13	M	57	83.9	44.8	89.0	70.6	118.2	16.61	32	75.2	Robust
M58D2VS14	D	58	2	V	S	14	M	73	88.1	45.5	103.0	74.7	105.3	16.56	34	75.6	Robust
M58D2VS15	D	58	2	V	S	15	M	58	104.6	53.8	103.2	91.1	113.1	16.52	30	75.2	Robust
M58D2VS16	D	58	2	V	S	16	M	71	94.8	49.2	93.3	80.9	120.1	16.52	30	75.5	Robust
M58D2VS17	D	58	2	V	S	17	M	60	92.9	50.5	99.6	76.6	115.0	16.65	33	75.6	Robust
M58D2VS18	D	58	2	V	S	18	M	27	84.1	46.0	88.3	74.1	115.0	16.78	29	73.6	Robust
M58D2VS19	D	58	2	V	S	19	M	59	73.6	39.0	87.5	66.8	105.3	16.66	33	75.5	Robust
M58D2VS2	D	58	2	V	S	2	M	72	95.0	50.5	90.5	85.2	118.4	16.41	31	77.0	Robust
M58D2VS20	D	58	2	V	S	20	M	62	94.3	50.7	96.4	71.2	127.7	16.72	33	74.9	Robust
M58D2VS21	D	58	2	V	S	21	M	73	71.4	38.3	81.9	71.2	101.9	16.38	32	75.9	Robust
M58D2VS22	D	58	2	V	S	22	M	68	91.2	48.3	99.0	76.5	112.8	16.49	31	75.5	Robust
M58D2VS23	D	58	2	V	S	23	M	75	89.7	47.5	95.4	74.8	116.3	16.47	31	75.2	Robust
M58D2VS24	D	58	2	V	S	24	M	61	76.6	41.1	84.1	69.8	111.2	16.54	33	75.8	Robust
M58D2VS3	D	58	2	V	S	3	M	84	88.3	46.2	88.2	80.4	115.0	16.38	37	75.8	Robust
M58D2VS4	D	58	2	V	S	4	M	46	97.0	52.2	96.6	85.3	114.6	16.52	28	74.6	Robust
M58D2VS5	D	58	2	V	S	5	M	62	85.2	46.9	96.1	77.0	104.9	16.66	29	75.7	Robust
M58D2VS6	D	58	2	V	S	6	M	60	101.2	51.3	93.2	89.4	120.7	16.59	30	76.1	Robust
M58D2VS7	D	58	2	V	S	7	M	39	99.8	52.2	89.7	101.5	108.9	16.46	30	73.8	Robust
M58D2VS8	D	58	2	V	S	8	F	17	133.0	69.4	110.9	120.0	115.1	16.13	20	69.6	Robust
M58D2VS9	D	58	2	V	S	9	M	43	94.0	48.9	96.5	80.3	115.7	16.50	30	75.6	Robust
M58D2VT1	D	58	2	V	T	1	M	182	96.9	50.5	98.4	72.9	127.8	16.50	71	76.4	Robust
M58D2VT10	D	58	2	V	T	10	M	197	92.3	49.9	90.3	75.8	125.5	16.56	81	76.6	Robust
M58D2VT2	D	58	2	V	T	2	M	96	85.7	46.7	94.1	78.6	106.0	16.53	40	76.6	Robust
M58D2VT3	D	58	2	V	T	3	M	152	96.7	50.9	94.7	83.0	119.1	16.46	60	76.5	Robust
M58D2VT4	D	58	2	V	T	4	M	111	89.9	46.8	101.4	86.3	97.1	16.47	45	76.3	Robust
M58D2VT5	D	58	2	V	T	5	M	174	82.9	43.8	85.8	74.3	115.4	16.74	75	76.7	Robust
M58D2VT6	D	58	2	V	T	6	M	160	95.1	50.2	93.2	84.3	116.5	16.46	71	76.4	Robust
M58D2VT7	D	58	2	V	T	7	M	139	89.0	46.4	92.4	82.0	109.7	16.48	58	76.6	Robust
M58D2VT8	D	58	2	V	T	8	M	153	85.7	44.8	92.3	76.2	111.0	16.46	60	76.5	Robust
M58D2VT9	D	58	2	V	T	9	M	111	79.7	43.0	94.1	62.3	115.4	16.61	44	76.7	Robust
M58D2VW1	D	58	2	V	W	1	M	24	111.4	61.9	91.6	102.6	123.8	16.40	25	73.1	Robust
M58D2VW2	D	58	2	V	W	2	M	27	122.8	64.9	102.2	121.5	109.2	16.53	22	72.9	Robust
M58D2VW3	D	58	2	V	W	3	M	25	96.4	51.2	94.8	86.2	114.7	16.76	20	72.8	Robust
M58D2VW4	D	58	2	V	W	4	M	39	103.7	53.7	93.5	99.0	113.5	16.65	26	73.4	Robust
M58D2VW5	D	58	2	V	W	5	M	33	87.1	46.4	92.9	84.0	103.6	16.60	28	73.9	Robust
M58D2VW6	D	58	2	V	W	6	M	27	98.2	53.4	102.0	96.3	99.1	16.62	23	72.7	Robust
M58D2VW7	D	58	2	V	W	7	M	29	102.4	52.5	83.0	100.6	122.0	16.39	20	73.3	Robust
M58D2VW8	D	58	2	V	W	8	M	22	110.3	61.8	118.7	89.4	108.0	16.83	20	72.5	Robust
M58D2VW9	D	58	2	V	W	9	M	43	92.2	49.2	95.5	87.2	105.8	16.62	30	73.7	Robust
M58D2VY1	D	58	2	V	Y	1	M	20	105.9	57.0	94.2	95.4	120.1	16.67	26	71.4	Robust
M58D2VY10	D	58	2	V	Y	10	M	16	107.2	56.7	92.5	99.9	119.0	16.35	21	72.3	Robust
M58D2VY11	D	58	2	V	Y	11	M	16	123.4	67.0	99.2	121.2	113.4	16.62	20	72.0	Robust
M58D2VY2	D	58	2	V	Y	2	M	20	137.9	73.3	108.8	118.2	125.6	16.36	23	71.5	Robust
M58D2VY3	D	58	2	V	Y	3	M	17	121.9	68.4	116.4	96.3	119.2	16.65	22	71.6	Robust
M58D2VY4	D	58	2	V	Y	4	M	15	147.3	83.7	120.4	105.0	139.9	16.69	20	71.3	Robust
M58D2VY5	D	58	2	V	Y	5	M	17	103.9	56.0	108.1	72.4	129.2	16.79	21	71.4	Robust
M58D2VY6	D	58	2	V	Y	6	M	18	122.0	61.2	90.9	128.5	113.6	16.46	20	72.8	Robust
M58D2VY7	D	58	2	V	Y	7	M	18	129.9	73.1	112.4	113.0	116.5	16.62	25	71.4	Robust
M58D2VY8	D	58	2	V	Y	8	M	14	113.4	66.8	119.5	107.1	93.7	16.70	20	71.7	Robust
M58D2VY9	D	58	2	V	Y	9	M	23	141.1	82.2	123.4	94.4	140.9	16.48	27	72.6	Robust
M66O1FR1	O	66	1	F	R	1	M	139	79.4	42.2	94.1	77.9	95.8	16.34	80	70.5	Robust
M66O1FR21	O	66	1	F	R	21	M	26	84.0	44.3	90.5	90.0	94.5	16.60	21	69.7	Robust
M66O1FR210	O	66	1	F	R	210	M	29	120.2	61.7	114.5	92.2	123.4	16.19	22	67.6	Robust
M66O1FR211	O	66	1	F	R	211	F	31	103.3	54.5	91.1	111.9	102.4	16.13	26	68.6	Robust
M66O1FR212	O	66	1	F	R	212	M	32	103.2	54.6	98.2	110.3	96.6	16.30	21	68.3	Robust
M66O1FR213	O	66	1	F	R	213	M	33	107.7	55.9	111.0	81.8	120.5	16.18	24	67.5	Robust
M66O1FR214	O	66	1	F	R	214	M	36	126.3	67.1	111.0	121.5	104.9	16.30	22	70.2	Robust
M66O1FR215	O	66	1	F	R	215	M	24	94.3	51.4	101.5	92.4	97.7	16.44	19	68.0	Robust
M66O1FR216	O	66	1	F	R	216	F	42	118.8	61.5	103.9	109.8	113.3	16.12	26	69.9	Robust
M66O1FR217	O	66	1	F	R	217	F	28	99.8	50.4	94.3	123.3	84.2	16.14	20	68.7	Robust
M66O1FR218	O	66	1	F	R	218	M	45	92.0	48.4	96.3	99.9	91.6	16.40	21	69.7	Robust
M66O1FR219	O	66	1	F	R	219	M	35	114.3	60.6	91.0	112.1	118.6	16.23	20	70.0	Robust
M66O1FR22	O	66	1	F	R	22	M	30	121.2	63.3	93.7	105.4	133.0	16.60	22	69.3	Robust
M66O1FR220	O	66	1	F	R	220	M	49	135.2	70.8	103.0	136.0	111.1	16.44	23	70.4	Robust
M66O1FR221	O	66	1	F	R	221	M	35	111.6	58.2	103.3	106.1	107.6	16.63	21	70.9	Robust
M66O1FR222	O	66	1	F	R	222	M	43	93.5	51.1	85.0	108.4	97.4	16.23	25	70.6	Robust
M66O1FR23	O	66	1	F	R	23	M	36	86.0	46.3	88.9	95.6	93.7	16.19	22	70.0	Robust
M66O1FR24	O	66	1	F	R	24	M	39	95.9	51.0	108.6	86.0	99.9	16.36	22	70.5	Robust
M66O1FR25	O	66	1	F	R	25	M	27	87.9	47.5	104.3	92.3	85.2	16.57	20	70.8	Robust
M66O1FR26	O	66	1	F	R	26	M	29	116.0	59.6	95.1	106.3	122.7	16.45	19	67.3	Robust
M66O1FR27	O	66	1	F	R	27	M	28	84.2	45.6	106.3	87.9	81.9	16.43	22	66.3	Robust
M66O1FR28	O	66	1	F	R	28	M	33	106.2	55.2	90.9	104.6	114.4	16.40	21	68.3	Robust
M66O1FR29	O	66	1	F	R	29	M	25	112.2	60.0	94.7	114.4	109.1	16.29	20	66.6	Robust
M66O1FS1	O	66	1	F	S	1	M	56	105.1	55.0	102.6	94.3	111.0	16.52	34	72.0	Robust
M66O1FS10	O	66	1	F	S	10	F	63	95.4	48.6	92.6	105.1	95.5	16.15	31	72.8	Robust
M66O1FS11	O	66	1	F	S	11	M	74	113.5	58.0	98.4	119.6	102.2	16.35	31	73.4	Robust
M66O1FS12	O	66	1	F	S	12	M	55	115.4	58.4	95.6	110.1	117.1	16.28	30	72.8	Robust
M66O1FS13	O	66	1	F	S	13	M	63	127.3	67.2	106.1	118.5	114.1	16.40	33	74.6	Robust
M66O1FS14	O	66	1	F	S	14	M	58	98.2	51.7	91.1	102.8	103.8	16.53	32	73.2	Robust
M66O1FS15	O	66	1	F	S	15	M	52	113.3	60.1	99.8	106.8	112.9	16.34	29	72.3	Robust
M66O1FS16	O	66	1	F	S	16	M	64	140.5	74.6	99.4	121.4	136.2	16.30	35	72.6	Robust
M66O1FS17	O	66	1	F	S	17	M	64	119.4	63.9	97.4	116.7	114.2	16.19	31	71.8	Robust
M66O1FS18	O	66	1	F	S	18	M	70	89.5	46.6	93.7	85.7	105.0	16.46	33	71.5	Robust
M66O1FS19	O	66	1	F	S	19	M	53	93.7	50.8	94.0	102.3	94.1	16.49	32	72.2	Robust
M66O1FS2	O	66	1	F	S	2	M	57	80.9	42.4	86.2	88.5	95.1	16.33	31	73.9	Robust
M66O1FS20	O	66	1	F	S	20	M	68	99.6	51.0	98.3	93.5	107.8	16.31	34	72.4	Robust
M66O1FS3	O	66	1	F	S	3	M	66	108.9	56.4	103.7	103.6	105.8	16.31	34	72.6	Robust
M66O1FS4	O	66	1	F	S	4	M	45	93.8	50.0	96.6	93.3	100.7	16.27	30	71.8	Robust
M66O1FS5	O	66	1	F	S	5	M	74	104.4	53.5	95.1	101.3	110.5	16.35	34	71.9	Robust
M66O1FS6	O	66	1	F	S	6	M	79	88.1	47.3	94.6	93.0	94.0	16.48	36	72.9	Robust
M66O1FS7	O	66	1	F	S	7	M	70	114.8	59.0	93.9	109.1	119.3	16.41	30	73.3	Robust
M66O1FS8	O	66	1	F	S	8	M	63	96.5	50.5	96.8	93.4	104.6	16.46	31	73.2	Robust
M66O1FS9	O	66	1	F	S	9	M	64	104.3	54.5	92.2	103.1	111.5	16.60	30	73.1	Robust
M66O1FT1	O	66	1	F	T	1	M	166	99.3	51.4	93.6	95.6	110.2	16.40	69	74.0	Robust
M66O1FT10	O	66	1	F	T	10	M	223	111.0	57.9	101.4	100.6	114.4	16.39	103	72.1	Robust
M66O1FT11	O	66	1	F	T	11	M	99	98.5	51.6	105.5	93.8	98.7	16.48	44	72.9	Robust
M66O1FT2	O	66	1	F	T	2	M	159	97.0	50.5	94.7	91.7	109.5	16.56	74	73.5	Robust
M66O1FT3	O	66	1	F	T	3	M	48	86.9	45.5	102.4	74.9	103.7	16.52	23	72.7	Robust
M66O1FT4	O	66	1	F	T	4	M	152	106.3	54.7	94.6	105.6	109.4	16.38	74	72.6	Robust
M66O1FT5	O	66	1	F	T	5	M	36	95.8	53.7	105.0	75.3	115.5	16.29	19	72.6	Robust
M66O1FT6	O	66	1	F	T	6	M	143	108.2	55.6	105.1	93.8	113.5	16.45	76	73.3	Robust
M66O1FT7	O	66	1	F	T	7	M	79	113.5	58.8	105.7	100.0	114.1	16.65	37	73.0	Robust
M66O1FT8	O	66	1	F	T	8	M	52	114.8	61.1	104.4	102.2	115.1	16.41	32	71.7	Robust
M66O1FT9	O	66	1	F	T	9	M	64	115.2	60.2	97.0	107.2	118.3	16.44	33	71.8	Robust
M66O1FW1	O	66	1	F	W	1	M	28	107.2	59.3	96.3	110.8	103.8	16.36	28	71.9	Robust
M66O1FW2	O	66	1	F	W	2	M	29	108.6	55.7	105.7	114.3	93.2	16.19	25	71.1	Robust
M66O1FW3	O	66	1	F	W	3	M	34	113.6	59.1	112.1	102.4	105.4	16.38	27	70.0	Robust
M66O1FW4	O	66	1	F	W	4	M	23	111.3	54.5	93.3	108.1	115.7	16.24	22	69.2	Robust
M66O1FW5	O	66	1	F	W	5	M	24	86.5	46.6	92.9	98.0	88.2	16.28	20	70.2	Robust
M66O1FW6	O	66	1	F	W	6	M	30	126.3	69.5	111.3	100.5	126.1	16.39	30	70.8	Robust
M66O1FW7	O	66	1	F	W	7	M	31	116.7	60.5	103.7	110.7	109.7	16.33	27	71.3	Robust
M66O1FY1	O	66	1	F	Y	1	M	17	121.5	64.0	123.2	69.1	145.4	16.20	24	70.2	Robust
M66O1FY2	O	66	1	F	Y	2	M	16	139.8	73.8	95.2	143.8	118.3	16.56	20	69.8	Robust
M66O1FY3	O	66	1	F	Y	3	M	16	102.4	55.5	99.2	120.8	85.1	16.31	22	71.6	Robust
M66O1FY4	O	66	1	F	Y	4	M	25	85.3	45.8	102.8	65.9	111.5	16.30	31	71.1	Robust
M66O1FY5	O	66	1	F	Y	5	F	22	140.0	71.6	96.3	117.7	143.4	15.76	20	71.2	Robust
M66O1FY6	O	66	1	F	Y	6	M	18	129.7	66.7	101.5	119.5	121.1	16.52	21	70.4	Robust
M66O1FY7	O	66	1	F	Y	7	M	17	140.9	71.9	97.5	129.9	130.2	16.19	20	71.7	Robust
M66O1VI1	O	66	1	V	I	1	M	15	88.3	43.9	95.4	76.4	111.8	16.79	6	67.5	Robust
M66O1VI10	O	66	1	V	I	10	M	62	120.7	62.4	104.0	108.5	117.3	16.45	27	70.9	Robust
M66O1VI11	O	66	1	V	I	11	M	97	107.3	54.0	97.1	91.5	123.5	16.53	37	68.7	Robust
M66O1VI12	O	66	1	V	I	12	M	79	112.3	58.0	99.8	109.6	108.6	16.31	34	69.9	Robust
M66O1VI13	O	66	1	V	I	13	M	92	101.0	51.1	107.4	79.9	116.0	16.60	44	68.5	Robust
M66O1VI14	O	66	1	V	I	14	M	42	105.4	54.2	98.0	99.4	110.8	16.54	19	69.5	Robust
M66O1VI15	O	66	1	V	I	15	M	33	105.5	56.5	110.4	84.1	115.0	16.49	22	65.5	Robust
M66O1VI16	O	66	1	V	I	16	M	63	91.8	47.1	98.3	75.4	116.0	16.52	31	69.4	Robust
M66O1VI17	O	66	1	V	I	17	M	94	93.1	47.3	98.9	85.4	105.6	16.59	49	68.0	Robust
M66O1VI18	O	66	1	V	I	18	M	92	96.4	50.3	93.0	82.5	121.0	16.37	38	67.8	Robust
M66O1VI2	O	66	1	V	I	2	M	114	100.6	52.5	95.4	86.9	120.1	16.60	49	70.3	Robust
M66O1VI3	O	66	1	V	I	3	M	89	84.3	44.1	91.9	74.3	111.0	16.53	38	69.3	Robust
M66O1VI4	O	66	1	V	I	4	M	41	112.9	58.9	107.8	102.6	108.4	16.36	20	69.3	Robust
M66O1VI5	O	66	1	V	I	5	M	36	115.7	61.8	91.8	104.0	128.6	16.40	19	69.8	Robust
M66O1VI6	O	66	1	V	I	6	M	64	90.4	48.1	102.2	79.6	104.5	16.27	23	70.7	Robust
M66O1VI7	O	66	1	V	I	7	M	53	112.6	56.9	99.6	99.9	119.4	16.29	20	70.6	Robust
M66O1VI8	O	66	1	V	I	8	M	61	116.5	59.8	98.5	100.4	126.1	16.44	22	69.9	Robust
M66O1VI9	O	66	1	V	I	9	M	66	86.7	44.3	97.1	66.0	120.3	16.39	23	69.5	Robust
M66O2VS1	O	66	2	V	S	1	M	52	103.3	53.9	108.0	83.7	114.4	16.46	30	71.6	Robust
M66O2VS10	O	66	2	V	S	10	M	62	95.3	51.8	115.9	80.6	97.9	16.46	31	72.3	Robust
M66O2VS11	O	66	2	V	S	11	M	72	97.8	51.3	106.0	84.5	107.1	16.52	33	72.1	Robust
M66O2VS12	O	66	2	V	S	12	M	81	95.8	49.7	104.7	74.6	116.6	16.55	35	72.1	Robust
M66O2VS13	O	66	2	V	S	13	M	69	88.3	45.2	94.4	81.2	107.3	16.33	30	72.9	Robust
M66O2VS14	O	66	2	V	S	14	M	66	98.8	50.9	103.3	84.5	111.4	16.51	33	71.3	Robust
M66O2VS15	O	66	2	V	S	15	M	58	117.3	60.2	112.2	100.3	112.6	16.38	31	71.4	Robust
M66O2VS16	O	66	2	V	S	16	M	82	117.7	60.8	103.5	110.3	111.8	16.49	33	71.8	Robust
M66O2VS17	O	66	2	V	S	17	M	73	101.9	52.9	103.7	97.0	102.1	16.50	36	71.3	Robust
M66O2VS2	O	66	2	V	S	2	M	65	85.3	44.1	97.1	64.5	119.6	16.44	30	72.2	Robust
M66O2VS3	O	66	2	V	S	3	M	68	99.8	50.5	104.3	90.2	105.5	16.66	33	72.7	Robust
M66O2VS4	O	66	2	V	S	4	M	80	96.8	49.2	103.9	80.6	112.0	16.45	33	71.7	Robust
M66O2VS5	O	66	2	V	S	5	M	74	101.5	51.5	107.7	86.5	108.8	16.59	32	72.1	Robust
M66O2VS6	O	66	2	V	S	6	M	94	114.0	59.4	107.2	90.0	124.6	16.39	40	72.3	Robust
M66O2VS7	O	66	2	V	S	7	M	64	100.6	51.9	111.4	93.2	96.8	16.57	31	71.7	Robust
M66O2VS8	O	66	2	V	S	8	M	68	75.8	39.9	95.4	69.5	97.7	16.51	30	72.5	Robust
M66O2VS9	O	66	2	V	S	9	M	69	96.0	48.8	99.5	95.2	99.3	16.55	32	72.0	Robust
M66O2VT1	O	66	2	V	T	1	M	14	118.9	60.3	109.3	101.5	116.6	16.35	6	73.7	Robust
M66O2VT10	O	66	2	V	T	10	M	68	106.3	55.4	107.7	97.9	103.8	16.40	29	73.2	Robust
M66O2VT11	O	66	2	V	T	11	M	98	100.6	51.5	103.2	87.2	111.3	16.35	38	72.6	Robust
M66O2VT12	O	66	2	V	T	12	M	79	103.8	54.5	102.1	88.6	115.9	16.38	33	72.1	Robust
M66O2VT13	O	66	2	V	T	13	M	96	90.5	47.8	108.0	80.6	97.8	16.45	44	72.6	Robust
M66O2VT14	O	66	2	V	T	14	M	47	114.9	57.7	106.1	116.9	98.9	16.57	21	73.4	Robust
M66O2VT15	O	66	2	V	T	15	M	41	114.2	58.1	112.7	101.1	106.9	16.58	18	71.2	Robust
M66O2VT16	O	66	2	V	T	16	M	64	94.7	50.9	97.9	80.1	115.5	16.51	27	72.3	Robust
M66O2VT17	O	66	2	V	T	17	M	109	105.1	52.6	106.2	95.3	106.1	16.50	46	72.4	Robust
M66O2VT18	O	66	2	V	T	18	M	98	80.6	42.4	94.4	71.7	104.9	16.53	38	72.5	Robust
M66O2VT2	O	66	2	V	T	2	M	117	80.3	41.1	99.7	64.4	107.5	16.60	48	73.9	Robust
M66O2VT3	O	66	2	V	T	3	M	96	83.9	44.9	101.0	65.5	111.4	16.56	43	73.4	Robust
M66O2VT4	O	66	2	V	T	4	M	48	89.2	47.3	104.7	71.3	109.7	16.50	22	74.7	Robust
M66O2VT5	O	66	2	V	T	5	M	41	90.2	46.9	99.4	71.8	116.3	16.59	21	73.5	Robust
M66O2VT6	O	66	2	V	T	6	M	65	100.0	52.4	99.3	95.0	105.9	16.37	30	72.3	Robust
M66O2VT7	O	66	2	V	T	7	M	44	119.1	60.2	109.9	91.5	127.4	16.60	22	73.0	Robust
M66O2VT8	O	66	2	V	T	8	M	53	113.8	56.0	103.2	99.1	118.3	16.39	21	73.0	Robust
M66O2VT9	O	66	2	V	T	9	M	68	102.9	52.6	101.2	87.2	117.0	16.55	28	72.8	Robust
M66O2VW1	O	66	2	V	W	1	M	34	96.8	51.1	95.9	106.4	93.1	16.40	28	71.7	Robust
M66O2VW2	O	66	2	V	W	2	M	43	108.3	58.5	104.2	104.0	104.1	16.42	30	71.0	Robust
M66O2VW3	O	66	2	V	W	3	M	34	106.9	57.0	117.7	96.7	96.4	16.42	27	71.1	Robust
M66O2VW4	O	66	2	V	W	4	F	33	123.7	63.4	104.0	113.6	116.3	16.08	27	70.7	Robust
M66O2VW5	O	66	2	V	W	5	M	32	96.3	49.6	105.6	91.7	97.5	16.62	21	69.8	Robust
M66O2VW6	O	66	2	V	W	6	M	30	106.5	56.4	105.9	92.1	112.1	16.22	23	71.0	Robust
M66O2VY1	O	66	2	V	Y	1	M	19	165.9	86.3	114.6	137.9	134.5	16.23	20	69.5	Robust
M66O2VY2	O	66	2	V	Y	2	M	17	130.2	64.3	127.7	109.8	105.4	16.41	22	69.8	Robust
M66O2VY3	O	66	2	V	Y	3	M	25	155.6	80.6	112.8	139.8	122.3	16.42	31	72.0	Robust
M66O2VY4	O	66	2	V	Y	4	M	17	154.4	79.2	104.8	168.3	105.1	16.39	21	73.0	Robust
M66O2VY5	O	66	2	V	Y	5	M	22	113.4	59.4	101.8	133.0	87.3	16.20	26	70.4	Robust
M66O2VY6	O	66	2	V	Y	6	F	24	173.9	85.9	113.9	152.2	130.9	16.07	27	70.7	Robust
M66O2VY7	O	66	2	V	Y	7	M	21	131.2	68.2	112.8	130.1	101.6	16.40	24	73.5	Robust
